Timestamp,Relative_Time,TYAGA_raw (kg),TYAGA_processed (kg),FT_F01_raw (rpm)
2025-02-11 14:13:00.533,111.564,65447,1398.57,440.1408
2025-02-11 14:13:00.533,111.564,65395,1398.1,440.1408
2025-02-11 14:13:00.534,111.565,65395,1398.1,440.1408
2025-02-11 14:13:00.640,111.672,65646,1400.34,440.1408
2025-02-11 14:13:00.859,111.891,65646,1400.34,440.1408
2025-02-11 14:13:00.859,111.891,65684,1400.68,440.1408
2025-02-11 14:13:00.862,111.893,65684,1400.68,440.1408
2025-02-11 14:13:01.076,112.108,65606,1399.98,440.1408
2025-02-11 14:13:01.077,112.109,65606,1399.98,440.1408
2025-02-11 14:13:01.077,112.109,65606,1399.98,440.1408
2025-02-11 14:13:01.078,112.11,65642,1400.3,440.1408
2025-02-11 14:13:01.185,112.216,65642,1400.3,440.1408
2025-02-11 14:13:01.186,112.217,65642,1400.3,841.5383
2025-02-11 14:13:01.186,112.217,65453,1398.62,841.5383
2025-02-11 14:13:01.187,112.218,65453,1398.62,841.5383
2025-02-11 14:13:01.295,112.326,65754,1401.3,841.5383
2025-02-11 14:13:01.296,112.327,65754,1401.3,841.5383
2025-02-11 14:13:01.405,112.436,65653,1400.4,841.5383
2025-02-11 14:13:01.407,112.438,65653,1400.4,841.5383
2025-02-11 14:13:01.408,112.439,65653,1400.4,841.5383
2025-02-11 14:13:01.511,112.542,65653,1400.4,841.5383
2025-02-11 14:13:01.511,112.542,65587,1399.81,841.5383
2025-02-11 14:13:01.512,112.543,65587,1399.81,857.9272
2025-02-11 14:13:01.620,112.651,65742,1401.19,857.9272
2025-02-11 14:13:01.620,112.651,65742,1401.19,857.9272
2025-02-11 14:13:01.729,112.76,65742,1401.19,857.9272
2025-02-11 14:13:01.730,112.761,65796,1401.67,857.9272
2025-02-11 14:13:01.837,112.868,65796,1401.67,857.9272
2025-02-11 14:13:01.837,112.868,65796,1401.67,857.9272
2025-02-11 14:13:01.947,112.978,65796,1401.67,809.5855
2025-02-11 14:13:01.947,112.979,65796,1401.67,809.5855
2025-02-11 14:13:01.947,112.979,65618,1400.09,809.5855
2025-02-11 14:13:01.947,112.979,65618,1400.09,809.5855
2025-02-11 14:13:01.948,112.98,65344,1397.65,809.5855
2025-02-11 14:13:02.055,113.087,65344,1397.65,809.5855
2025-02-11 14:13:02.055,113.087,65467,1398.74,809.5855
2025-02-11 14:13:02.055,113.087,65524,1399.25,809.5855
2025-02-11 14:13:02.055,113.087,65524,1399.25,809.5855
2025-02-11 14:13:02.162,113.193,65356,1397.76,809.5855
2025-02-11 14:13:02.270,113.302,65356,1397.76,809.5855
2025-02-11 14:13:02.270,113.302,65356,1397.76,809.5855
2025-02-11 14:13:02.486,113.517,65356,1397.76,809.5855
2025-02-11 14:13:02.487,113.519,65385,1398.01,809.5855
2025-02-11 14:13:02.487,113.519,65385,1398.01,827.8146
2025-02-11 14:13:02.488,113.52,65269,1396.98,827.8146
2025-02-11 14:13:02.488,113.52,65269,1396.98,827.8146
2025-02-11 14:13:02.594,113.626,65269,1396.98,827.8146
2025-02-11 14:13:02.594,113.626,65520,1399.22,827.8146
2025-02-11 14:13:02.814,113.845,65565,1399.62,827.8146
2025-02-11 14:13:02.815,113.846,65565,1399.62,827.8146
2025-02-11 14:13:02.815,113.846,65565,1399.62,827.8146
2025-02-11 14:13:02.817,113.848,65433,1398.44,827.8146
2025-02-11 14:13:02.823,113.854,65433,1398.44,827.8146
2025-02-11 14:13:02.923,113.954,65433,1398.44,827.8146
2025-02-11 14:13:02.924,113.955,65433,1398.44,773.874
2025-02-11 14:13:02.924,113.955,65433,1398.44,773.874
2025-02-11 14:13:03.032,114.063,65433,1398.44,773.874
2025-02-11 14:13:03.033,114.064,65838,1402.05,773.874
2025-02-11 14:13:03.142,114.174,65461,1398.69,773.874
2025-02-11 14:13:03.143,114.175,65461,1398.69,773.874
2025-02-11 14:13:03.143,114.175,65461,1398.69,773.874
2025-02-11 14:13:03.252,114.283,65461,1398.69,799.1688
2025-02-11 14:13:03.252,114.283,65610,1400.02,799.1688
2025-02-11 14:13:03.253,114.284,65610,1400.02,799.1688
2025-02-11 14:13:03.253,114.284,65438,1398.49,799.1688
2025-02-11 14:13:03.362,114.394,65625,1400.15,799.1688
2025-02-11 14:13:03.363,114.395,65625,1400.15,799.1688
2025-02-11 14:13:03.471,114.503,65668,1400.53,799.1688
2025-02-11 14:13:03.690,114.721,65668,1400.53,799.1688
2025-02-11 14:13:03.690,114.721,65668,1400.53,799.1688
2025-02-11 14:13:03.690,114.721,65519,1399.21,799.1688
2025-02-11 14:13:03.691,114.722,65519,1399.21,799.1688
2025-02-11 14:13:03.691,114.722,65521,1399.22,799.1688
2025-02-11 14:13:03.798,114.829,65521,1399.22,799.1688
2025-02-11 14:13:03.799,114.83,65899,1402.59,799.1688
2025-02-11 14:13:03.800,114.831,65899,1402.59,799.1688
2025-02-11 14:13:03.906,114.937,65899,1402.59,799.1688
2025-02-11 14:13:04.016,115.047,65636,1400.25,799.1688
2025-02-11 14:13:04.016,115.047,65636,1400.25,56.24297
2025-02-11 14:13:04.016,115.047,65636,1400.25,56.24297
2025-02-11 14:13:04.017,115.048,68495,1425.69,56.24297
2025-02-11 14:13:04.126,115.157,103192,1734.45,56.24297
2025-02-11 14:13:04.126,115.157,103192,1734.45,56.24297
2025-02-11 14:13:04.235,115.266,103192,1734.45,56.24297
2025-02-11 14:13:04.343,115.375,103192,1734.45,56.24297
2025-02-11 14:13:04.344,115.376,307772,3554.98,56.24297
2025-02-11 14:13:04.344,115.376,307772,3554.98,56.24297
2025-02-11 14:13:04.451,115.483,307772,3554.98,56.24297
2025-02-11 14:13:04.452,115.484,150167,2152.48,56.24297
2025-02-11 14:13:04.561,115.592,150167,2152.48,56.24297
2025-02-11 14:13:04.562,115.593,100609,1711.47,56.24297
2025-02-11 14:13:04.670,115.701,100609,1711.47,56.24297
2025-02-11 14:13:04.671,115.702,124509,1924.15,56.24297
2025-02-11 14:13:04.671,115.702,124509,1924.15,0
2025-02-11 14:13:04.889,115.92,181899,2434.86,0
2025-02-11 14:13:04.890,115.921,181899,2434.86,0
2025-02-11 14:13:04.890,115.921,178347,2403.25,0
2025-02-11 14:13:04.999,116.03,178347,2403.25,0
2025-02-11 14:13:05.000,116.031,178347,2403.25,0
2025-02-11 14:13:05.001,116.033,209428,2679.83,0
2025-02-11 14:13:05.107,116.138,209428,2679.83,0
2025-02-11 14:13:05.108,116.139,209428,2679.83,0
2025-02-11 14:13:05.108,116.139,232193,2882.41,0
2025-02-11 14:13:05.215,116.246,232193,2882.41,0
2025-02-11 14:13:05.216,116.247,232743,2887.31,0
2025-02-11 14:13:05.323,116.354,232743,2887.31,0
2025-02-11 14:13:05.324,116.355,262221,3149.63,0
2025-02-11 14:13:05.432,116.463,262221,3149.63,0
2025-02-11 14:13:05.539,116.57,291193,3407.45,0
2025-02-11 14:13:05.539,116.57,291193,3407.45,0
2025-02-11 14:13:05.540,116.571,291193,3407.45,0
2025-02-11 14:13:05.647,116.678,315821,3626.61,0
2025-02-11 14:13:05.647,116.678,315821,3626.61,0
2025-02-11 14:13:05.756,116.787,307225,3550.11,0
2025-02-11 14:13:05.756,116.787,307225,3550.11,0
2025-02-11 14:13:05.866,116.897,307225,3550.11,0
2025-02-11 14:13:05.866,116.897,319456,3658.96,0
2025-02-11 14:13:05.973,117.004,359300,4013.52,0
2025-02-11 14:13:05.974,117.005,359300,4013.52,0
2025-02-11 14:13:06.081,117.112,359300,4013.52,0
2025-02-11 14:13:06.182,117.214,388752,4275.61,0
2025-02-11 14:13:06.300,117.331,388752,4275.61,0
2025-02-11 14:13:06.300,117.331,388752,4275.61,0
2025-02-11 14:13:06.408,117.439,397952,4357.48,0
2025-02-11 14:13:06.408,117.439,397952,4357.48,0
2025-02-11 14:13:06.409,117.44,481429,5100.33,0
2025-02-11 14:13:06.409,117.44,481429,5100.33,0
2025-02-11 14:13:06.516,117.547,483276,5116.77,0
2025-02-11 14:13:06.624,117.655,483276,5116.77,0
2025-02-11 14:13:06.625,117.656,473989,5034.12,0
2025-02-11 14:13:06.733,117.765,473989,5034.12,0
2025-02-11 14:13:06.733,117.765,473989,5034.12,0
2025-02-11 14:13:06.735,117.766,483470,5118.49,0
2025-02-11 14:13:06.735,117.766,483470,5118.49,0
2025-02-11 14:13:06.842,117.873,483470,5118.49,0
2025-02-11 14:13:06.843,117.875,489723,5174.14,0
2025-02-11 14:13:06.951,117.983,593366,6096.44,0
2025-02-11 14:13:07.058,118.09,593366,6096.44,0
2025-02-11 14:13:07.058,118.09,522212,5463.25,0
2025-02-11 14:13:07.167,118.199,522212,5463.25,0
2025-02-11 14:13:07.167,118.199,522212,5463.25,0
2025-02-11 14:13:07.277,118.308,502726,5289.85,0
2025-02-11 14:13:07.387,118.418,520227,5445.59,0
2025-02-11 14:13:07.494,118.526,520227,5445.59,0
2025-02-11 14:13:07.494,118.526,520227,5445.59,0
2025-02-11 14:13:07.602,118.633,520227,5445.59,0
2025-02-11 14:13:07.602,118.633,-4061955,-35330.59,0
2025-02-11 14:13:07.711,118.743,438649,4719.64,0
2025-02-11 14:13:07.713,118.744,438649,4719.64,0
2025-02-11 14:13:07.820,118.852,441606,4745.95,0
2025-02-11 14:13:07.822,118.853,441606,4745.95,0
2025-02-11 14:13:07.930,118.961,423351,4583.5,0
2025-02-11 14:13:07.930,118.961,423351,4583.5,0
2025-02-11 14:13:07.931,118.962,423351,4583.5,0
2025-02-11 14:13:08.037,119.068,469498,4994.16,0
2025-02-11 14:13:08.037,119.068,469498,4994.16,0
2025-02-11 14:13:08.038,119.07,461636,4924.19,0
2025-02-11 14:13:08.147,119.178,469144,4991.01,0
2025-02-11 14:13:08.256,119.287,469144,4991.01,0
2025-02-11 14:13:08.364,119.396,467396,4975.45,0
2025-02-11 14:13:08.365,119.397,467396,4975.45,0
2025-02-11 14:13:08.365,119.397,467396,4975.45,0
2025-02-11 14:13:08.474,119.505,467396,4975.45,0
2025-02-11 14:13:08.584,119.615,482320,5108.26,0
2025-02-11 14:13:08.584,119.615,482320,5108.26,0
2025-02-11 14:13:08.693,119.724,469106,4990.67,0
2025-02-11 14:13:08.693,119.724,469106,4990.67,0
2025-02-11 14:13:08.693,119.724,469106,4990.67,0
2025-02-11 14:13:08.800,119.831,487611,5155.34,0
2025-02-11 14:13:08.801,119.832,487611,5155.34,0
2025-02-11 14:13:08.908,119.939,463551,4941.24,0
2025-02-11 14:13:08.909,119.94,463551,4941.24,0
2025-02-11 14:13:09.018,120.049,484536,5127.98,0
2025-02-11 14:13:09.018,120.049,484536,5127.98,0
2025-02-11 14:13:09.126,120.157,464343,4948.28,0
2025-02-11 14:13:09.126,120.157,464343,4948.28,0
2025-02-11 14:13:09.127,120.158,464343,4948.28,0
2025-02-11 14:13:09.234,120.265,478850,5077.38,0
2025-02-11 14:13:09.235,120.266,478850,5077.38,0
2025-02-11 14:13:09.343,120.374,469812,4996.95,0
2025-02-11 14:13:09.452,120.483,469812,4996.95,0
2025-02-11 14:13:09.454,120.485,483497,5118.73,0
2025-02-11 14:13:09.559,120.59,483497,5118.73,0
2025-02-11 14:13:09.559,120.59,483497,5118.73,0
2025-02-11 14:13:09.667,120.698,483497,5118.73,0
2025-02-11 14:13:09.668,120.699,473611,5030.76,0
2025-02-11 14:13:09.668,120.699,473611,5030.76,0
2025-02-11 14:13:09.777,120.808,477531,5065.64,0
2025-02-11 14:13:09.886,120.917,477531,5065.64,0
2025-02-11 14:13:09.887,120.918,471457,5011.59,0
2025-02-11 14:13:09.887,120.918,471457,5011.59,0
2025-02-11 14:13:09.888,120.919,471457,5011.59,0
2025-02-11 14:13:09.993,121.024,474790,5041.25,0
2025-02-11 14:13:09.994,121.025,474790,5041.25,0
2025-02-11 14:13:10.102,121.133,472700,5022.65,0
2025-02-11 14:13:10.102,121.133,472700,5022.65,0
2025-02-11 14:13:10.210,121.241,474875,5042.01,0
2025-02-11 14:13:10.318,121.349,474875,5042.01,0
2025-02-11 14:13:10.319,121.35,477329,5063.84,0
2025-02-11 14:13:10.427,121.458,477329,5063.84,0
2025-02-11 14:13:10.428,121.459,477329,5063.84,0
2025-02-11 14:13:10.428,121.459,478402,5073.39,0
2025-02-11 14:13:10.536,121.567,478402,5073.39,0
2025-02-11 14:13:10.537,121.568,474544,5039.06,0
2025-02-11 14:13:10.644,121.675,474544,5039.06,0
2025-02-11 14:13:10.754,121.785,474544,5039.06,0
2025-02-11 14:13:10.754,121.785,474544,5039.06,0
2025-02-11 14:13:10.862,121.893,477097,5061.78,0
2025-02-11 14:13:10.863,121.894,477097,5061.78,0
2025-02-11 14:13:10.863,121.894,474617,5039.71,0
2025-02-11 14:13:10.970,122.001,474617,5039.71,0
2025-02-11 14:13:10.971,122.002,479921,5086.91,0
2025-02-11 14:13:11.080,122.111,479921,5086.91,0
2025-02-11 14:13:11.190,122.221,470769,5005.47,0
2025-02-11 14:13:11.190,122.221,470769,5005.47,0
2025-02-11 14:13:11.300,122.331,479851,5086.29,0
2025-02-11 14:13:11.302,122.333,479851,5086.29,0
2025-02-11 14:13:11.302,122.333,474443,5038.16,0
2025-02-11 14:13:11.409,122.44,474443,5038.16,0
2025-02-11 14:13:11.517,122.548,480172,5089.14,0
2025-02-11 14:13:11.517,122.548,480172,5089.14,0
2025-02-11 14:13:11.518,122.55,480172,5089.14,0
2025-02-11 14:13:11.625,122.656,480172,5089.14,0
2025-02-11 14:13:11.626,122.657,472380,5019.8,0
2025-02-11 14:13:11.735,122.766,478295,5072.44,0
2025-02-11 14:13:11.736,122.767,478295,5072.44,0
2025-02-11 14:13:11.951,122.982,478295,5072.44,0
2025-02-11 14:13:11.952,122.983,477294,5063.53,0
2025-02-11 14:13:11.952,122.983,477294,5063.53,0
2025-02-11 14:13:11.952,122.983,477294,5063.53,0
2025-02-11 14:13:12.057,123.089,479683,5084.79,0
2025-02-11 14:13:12.058,123.089,479683,5084.79,0
2025-02-11 14:13:12.167,123.198,477061,5061.46,0
2025-02-11 14:13:12.167,123.198,477061,5061.46,0
2025-02-11 14:13:12.276,123.307,474456,5038.28,0
2025-02-11 14:13:12.383,123.415,474456,5038.28,0
2025-02-11 14:13:12.383,123.415,474456,5038.28,0
2025-02-11 14:13:12.383,123.415,474456,5038.28,0
2025-02-11 14:13:12.384,123.416,478966,5078.41,0
2025-02-11 14:13:12.491,123.523,474872,5041.98,0
2025-02-11 14:13:12.601,123.632,474872,5041.98,0
2025-02-11 14:13:12.709,123.74,479397,5082.25,0
2025-02-11 14:13:12.710,123.741,479397,5082.25,0
2025-02-11 14:13:12.818,123.849,474599,5039.55,0
2025-02-11 14:13:12.820,123.851,474599,5039.55,0
2025-02-11 14:13:12.822,123.853,474599,5039.55,0
2025-02-11 14:13:12.927,123.958,479803,5085.86,0
2025-02-11 14:13:12.928,123.96,479803,5085.86,0
2025-02-11 14:13:13.036,124.067,479803,5085.86,0
2025-02-11 14:13:13.144,124.176,476737,5058.58,0
2025-02-11 14:13:13.145,124.177,476737,5058.58,0
2025-02-11 14:13:13.145,124.177,476737,5058.58,0
2025-02-11 14:13:13.253,124.284,479170,5080.23,0
2025-02-11 14:13:13.253,124.284,479170,5080.23,0
2025-02-11 14:13:13.359,124.39,475520,5047.75,0
2025-02-11 14:13:13.360,124.392,475520,5047.75,0
2025-02-11 14:13:13.470,124.501,477014,5061.04,0
2025-02-11 14:13:13.471,124.502,477014,5061.04,0
2025-02-11 14:13:13.578,124.609,480028,5087.86,0
2025-02-11 14:13:13.688,124.719,480028,5087.86,0
2025-02-11 14:13:13.688,124.719,480028,5087.86,0
2025-02-11 14:13:13.689,124.72,476721,5058.43,0
2025-02-11 14:13:13.690,124.721,476721,5058.43,0
2025-02-11 14:13:13.796,124.827,479564,5083.73,0
2025-02-11 14:13:13.904,124.935,479564,5083.73,0
2025-02-11 14:13:13.905,124.936,478371,5073.12,0
2025-02-11 14:13:14.013,125.044,478371,5073.12,0
2025-02-11 14:13:14.013,125.044,478371,5073.12,0
2025-02-11 14:13:14.013,125.044,478708,5076.12,0
2025-02-11 14:13:14.122,125.153,475446,5047.09,0
2025-02-11 14:13:14.231,125.262,475446,5047.09,0
2025-02-11 14:13:14.340,125.371,475446,5047.09,0
2025-02-11 14:13:14.446,125.477,476859,5059.66,0
2025-02-11 14:13:14.446,125.477,476859,5059.66,0
2025-02-11 14:13:14.447,125.478,476859,5059.66,0
2025-02-11 14:13:14.554,125.585,477417,5064.63,0
2025-02-11 14:13:14.555,125.586,477417,5064.63,0
2025-02-11 14:13:14.555,125.586,479095,5079.56,0
2025-02-11 14:13:14.662,125.694,479095,5079.56,0
2025-02-11 14:13:14.663,125.695,478882,5077.66,0
2025-02-11 14:13:14.772,125.804,478882,5077.66,0
2025-02-11 14:13:14.774,125.805,478882,5077.66,0
2025-02-11 14:13:14.883,125.914,477327,5063.83,0
2025-02-11 14:13:14.884,125.915,477327,5063.83,0
2025-02-11 14:13:14.991,126.022,479456,5082.77,0
2025-02-11 14:13:14.991,126.022,479456,5082.77,0
2025-02-11 14:13:14.992,126.023,477026,5061.15,0
2025-02-11 14:13:15.100,126.131,477026,5061.15,0
2025-02-11 14:13:15.211,126.242,479703,5084.97,0
2025-02-11 14:13:15.212,126.243,479703,5084.97,0
2025-02-11 14:13:15.212,126.243,479703,5084.97,0
2025-02-11 14:13:15.276,126.307,479703,5084.97,0
2025-02-11 14:13:15.320,126.351,475422,5046.87,0
2025-02-11 14:13:15.320,126.351,475422,5046.87,0
2025-02-11 14:13:15.429,126.46,475422,5046.87,0
2025-02-11 14:13:15.536,126.567,478013,5069.93,0
2025-02-11 14:13:15.536,126.567,478013,5069.93,0
2025-02-11 14:13:15.646,126.677,478013,5069.93,0
2025-02-11 14:13:15.647,126.678,478013,5069.93,0
2025-02-11 14:13:15.649,126.68,480379,5090.99,0
2025-02-11 14:13:15.650,126.682,478645,5075.56,0
2025-02-11 14:13:15.651,126.683,478645,5075.56,392.9582
2025-02-11 14:13:15.651,126.683,478645,5075.56,392.9582
2025-02-11 14:13:15.753,126.785,477511,5065.46,392.9582
2025-02-11 14:13:15.754,126.786,477511,5065.46,392.9582
2025-02-11 14:13:15.863,126.894,477511,5065.46,392.9582
2025-02-11 14:13:15.864,126.895,477999,5069.81,392.9582
2025-02-11 14:13:15.971,127.003,479075,5079.38,392.9582
2025-02-11 14:13:15.972,127.004,479075,5079.38,392.9582
2025-02-11 14:13:16.080,127.112,477313,5063.7,392.9582
2025-02-11 14:13:16.080,127.112,477313,5063.7,392.9582
2025-02-11 14:13:16.188,127.219,479011,5078.81,392.9582
2025-02-11 14:13:16.189,127.22,479011,5078.81,850.4847
2025-02-11 14:13:16.189,127.22,477966,5069.51,850.4847
2025-02-11 14:13:16.190,127.221,477966,5069.51,850.4847
2025-02-11 14:13:16.405,127.436,477966,5069.51,850.4847
2025-02-11 14:13:16.513,127.544,480588,5092.85,850.4847
2025-02-11 14:13:16.513,127.544,480588,5092.85,850.4847
2025-02-11 14:13:16.514,127.546,480588,5092.85,850.4847
2025-02-11 14:13:16.622,127.653,479107,5079.67,850.4847
2025-02-11 14:13:16.623,127.654,479107,5079.67,850.4847
2025-02-11 14:13:16.623,127.654,479107,5079.67,814.6639
2025-02-11 14:13:16.624,127.655,479107,5079.67,814.6639
2025-02-11 14:13:16.624,127.655,478304,5072.52,814.6639
2025-02-11 14:13:16.731,127.762,479514,5083.29,814.6639
2025-02-11 14:13:16.841,127.872,479514,5083.29,814.6639
2025-02-11 14:13:16.949,127.98,479514,5083.29,814.6639
2025-02-11 14:13:16.950,127.981,480214,5089.52,814.6639
2025-02-11 14:13:16.950,127.981,480214,5089.52,814.6639
2025-02-11 14:13:17.058,128.089,479911,5086.82,814.6639
2025-02-11 14:13:17.059,128.09,479911,5086.82,829.9444
2025-02-11 14:13:17.059,128.09,479911,5086.82,829.9444
2025-02-11 14:13:17.059,128.09,477719,5067.32,829.9444
2025-02-11 14:13:17.167,128.198,477719,5067.32,829.9444
2025-02-11 14:13:17.168,128.199,479305,5081.43,829.9444
2025-02-11 14:13:17.275,128.306,480053,5088.09,829.9444
2025-02-11 14:13:17.383,128.415,480053,5088.09,829.9444
2025-02-11 14:13:17.383,128.415,480053,5088.09,829.9444
2025-02-11 14:13:17.383,128.415,480053,5088.09,829.9444
2025-02-11 14:13:17.492,128.524,480053,5088.09,813.0742
2025-02-11 14:13:17.493,128.524,480053,5088.09,813.0742
2025-02-11 14:13:17.493,128.524,479644,5084.45,813.0742
2025-02-11 14:13:17.600,128.631,477956,5069.42,813.0742
2025-02-11 14:13:17.708,128.739,477956,5069.42,813.0742
2025-02-11 14:13:17.708,128.739,480236,5089.71,813.0742
2025-02-11 14:13:17.815,128.846,480236,5089.71,813.0742
2025-02-11 14:13:17.816,128.848,480236,5089.71,813.0742
2025-02-11 14:13:17.816,128.848,480076,5088.29,813.0742
2025-02-11 14:13:17.925,128.957,480076,5088.29,775.8553
2025-02-11 14:13:17.926,128.958,480076,5088.29,775.8553
2025-02-11 14:13:17.926,128.958,479834,5086.14,775.8553
2025-02-11 14:13:17.928,128.959,479834,5086.14,775.8553
2025-02-11 14:13:18.035,129.066,479301,5081.39,775.8553
2025-02-11 14:13:18.145,129.176,479301,5081.39,775.8553
2025-02-11 14:13:18.145,129.176,479301,5081.39,775.8553
2025-02-11 14:13:18.146,129.177,479619,5084.22,775.8553
2025-02-11 14:13:18.253,129.284,479619,5084.22,754.4892
2025-02-11 14:13:18.254,129.285,479619,5084.22,754.4892
2025-02-11 14:13:18.255,129.286,481896,5104.49,754.4892
2025-02-11 14:13:18.256,129.287,481896,5104.49,754.4892
2025-02-11 14:13:18.363,129.394,478907,5077.89,754.4892
2025-02-11 14:13:18.364,129.395,478907,5077.89,754.4892
2025-02-11 14:13:18.579,129.61,478907,5077.89,754.4892
2025-02-11 14:13:18.579,129.61,478907,5077.89,754.4892
2025-02-11 14:13:18.580,129.611,478907,5077.89,754.4892
2025-02-11 14:13:18.580,129.611,480296,5090.25,754.4892
2025-02-11 14:13:18.687,129.718,480296,5090.25,776.6387
2025-02-11 14:13:18.687,129.718,480296,5090.25,776.6387
2025-02-11 14:13:18.689,129.72,479825,5086.06,776.6387
2025-02-11 14:13:18.796,129.827,481211,5098.39,776.6387
2025-02-11 14:13:18.905,129.936,481211,5098.39,776.6387
2025-02-11 14:13:19.012,130.043,479884,5086.58,776.6387
2025-02-11 14:13:19.013,130.044,479884,5086.58,776.6387
2025-02-11 14:13:19.013,130.044,479884,5086.58,776.6387
2025-02-11 14:13:19.013,130.044,478779,5076.75,776.6387
2025-02-11 14:13:19.014,130.045,478779,5076.75,776.6387
2025-02-11 14:13:19.120,130.151,478779,5076.75,773.0963
2025-02-11 14:13:19.122,130.153,480684,5093.7,773.0963
2025-02-11 14:13:19.122,130.153,480684,5093.7,773.0963
2025-02-11 14:13:19.229,130.26,481048,5096.94,773.0963
2025-02-11 14:13:19.337,130.368,481048,5096.94,773.0963
2025-02-11 14:13:19.338,130.369,481576,5101.64,773.0963
2025-02-11 14:13:19.445,130.476,481576,5101.64,773.0963
2025-02-11 14:13:19.446,130.477,481576,5101.64,773.0963
2025-02-11 14:13:19.448,130.479,480069,5088.23,773.0963
2025-02-11 14:13:19.553,130.584,480069,5088.23,773.0963
2025-02-11 14:13:19.553,130.584,480069,5088.23,762.1951
2025-02-11 14:13:19.553,130.584,480666,5093.54,762.1951
2025-02-11 14:13:19.553,130.584,480666,5093.54,762.1951
2025-02-11 14:13:19.662,130.693,480666,5093.54,762.1951
2025-02-11 14:13:19.771,130.802,480531,5092.34,762.1951
2025-02-11 14:13:19.771,130.802,480531,5092.34,762.1951
2025-02-11 14:13:19.880,130.911,480531,5092.34,762.1951
2025-02-11 14:13:19.881,130.912,481432,5100.36,762.1951
2025-02-11 14:13:19.881,130.912,481432,5100.36,762.1951
2025-02-11 14:13:19.988,131.019,481432,5100.36,717.5145
2025-02-11 14:13:19.989,131.02,481432,5100.36,717.5145
2025-02-11 14:13:19.990,131.021,480208,5089.46,717.5145
2025-02-11 14:13:20.095,131.127,480810,5094.82,717.5145
2025-02-11 14:13:20.203,131.234,482561,5110.4,717.5145
2025-02-11 14:13:20.204,131.236,482561,5110.4,717.5145
2025-02-11 14:13:20.204,131.236,482561,5110.4,717.5145
2025-02-11 14:13:20.307,131.338,479815,5085.97,717.5145
2025-02-11 14:13:20.308,131.339,479815,5085.97,717.5145
2025-02-11 14:13:20.308,131.339,479815,5085.97,710.3787
2025-02-11 14:13:20.422,131.453,481155,5097.89,710.3787
2025-02-11 14:13:20.422,131.453,481155,5097.89,710.3787
2025-02-11 14:13:20.530,131.562,481256,5098.79,710.3787
2025-02-11 14:13:20.638,131.669,481256,5098.79,710.3787
2025-02-11 14:13:20.641,131.672,480880,5095.44,710.3787
2025-02-11 14:13:20.746,131.777,480880,5095.44,710.3787
2025-02-11 14:13:20.747,131.778,480880,5095.44,710.3787
2025-02-11 14:13:20.854,131.886,480880,5095.44,710.3787
2025-02-11 14:13:20.855,131.887,480880,5095.44,708.0648
2025-02-11 14:13:20.855,131.887,485153,5133.47,708.0648
2025-02-11 14:13:20.856,131.888,485153,5133.47,708.0648
2025-02-11 14:13:20.965,131.996,456633,4879.67,708.0648
2025-02-11 14:13:20.966,131.997,456633,4879.67,708.0648
2025-02-11 14:13:21.073,132.104,456633,4879.67,708.0648
2025-02-11 14:13:21.073,132.104,524196,5480.91,708.0648
2025-02-11 14:13:21.073,132.104,580251,5979.73,708.0648
2025-02-11 14:13:21.180,132.211,580251,5979.73,708.0648
2025-02-11 14:13:21.181,132.212,580251,5979.73,708.0648
2025-02-11 14:13:21.181,132.212,583027,6004.44,708.0648
2025-02-11 14:13:21.287,132.319,583027,6004.44,708.0648
2025-02-11 14:13:21.287,132.319,583027,6004.44,698.812
2025-02-11 14:13:21.289,132.32,560158,5800.93,698.812
2025-02-11 14:13:21.290,132.321,560158,5800.93,698.812
2025-02-11 14:13:21.396,132.427,632476,6444.48,698.812
2025-02-11 14:13:21.506,132.537,632476,6444.48,698.812
2025-02-11 14:13:21.614,132.646,662624,6712.76,698.812
2025-02-11 14:13:21.614,132.646,662624,6712.76,698.812
2025-02-11 14:13:21.615,132.647,662624,6712.76,698.812
2025-02-11 14:13:21.615,132.647,637340,6487.76,698.812
2025-02-11 14:13:21.721,132.752,637340,6487.76,688.0892
2025-02-11 14:13:21.721,132.752,637340,6487.76,688.0892
2025-02-11 14:13:21.831,132.862,637340,6487.76,688.0892
2025-02-11 14:13:21.832,132.863,653637,6632.78,688.0892
2025-02-11 14:13:21.938,132.97,653637,6632.78,688.0892
2025-02-11 14:13:21.940,132.971,689910,6955.57,688.0892
2025-02-11 14:13:21.942,132.973,689910,6955.57,688.0892
2025-02-11 14:13:22.047,133.079,689910,6955.57,688.0892
2025-02-11 14:13:22.047,133.079,689910,6955.57,686.3418
2025-02-11 14:13:22.047,133.079,682998,6894.06,686.3418
2025-02-11 14:13:22.047,133.079,682998,6894.06,686.3418
2025-02-11 14:13:22.157,133.188,682998,6894.06,686.3418
2025-02-11 14:13:22.157,133.188,690172,6957.9,686.3418
2025-02-11 14:13:22.264,133.295,710802,7141.49,686.3418
2025-02-11 14:13:22.265,133.296,710802,7141.49,686.3418
2025-02-11 14:13:22.374,133.405,742945,7427.52,686.3418
2025-02-11 14:13:22.483,133.514,742945,7427.52,686.3418
2025-02-11 14:13:22.484,133.516,742945,7427.52,686.3418
2025-02-11 14:13:22.484,133.516,787328,7822.48,686.3418
2025-02-11 14:13:22.485,133.517,787328,7822.48,686.3418
2025-02-11 14:13:22.593,133.624,787328,7822.48,707.5638
2025-02-11 14:13:22.594,133.625,789995,7846.21,707.5638
2025-02-11 14:13:22.594,133.625,789995,7846.21,707.5638
2025-02-11 14:13:22.702,133.733,809475,8019.56,707.5638
2025-02-11 14:13:22.920,133.951,809475,8019.56,707.5638
2025-02-11 14:13:22.920,133.951,809475,8019.56,707.5638
2025-02-11 14:13:22.921,133.952,855786,8431.68,707.5638
2025-02-11 14:13:22.922,133.954,855786,8431.68,707.5638
2025-02-11 14:13:22.923,133.955,855786,8431.68,680.6888
2025-02-11 14:13:23.028,134.06,853217,8408.82,680.6888
2025-02-11 14:13:23.028,134.06,853217,8408.82,680.6888
2025-02-11 14:13:23.138,134.17,846922,8352.8,680.6888
2025-02-11 14:13:23.139,134.171,846922,8352.8,680.6888
2025-02-11 14:13:23.247,134.279,869788,8556.28,680.6888
2025-02-11 14:13:23.247,134.279,869788,8556.28,680.6888
2025-02-11 14:13:23.248,134.28,869788,8556.28,680.6888
2025-02-11 14:13:23.355,134.386,894348,8774.84,680.6888
2025-02-11 14:13:23.357,134.388,894348,8774.84,680.6888
2025-02-11 14:13:23.357,134.388,894348,8774.84,684.0413
2025-02-11 14:13:23.465,134.497,933309,9121.54,684.0413
2025-02-11 14:13:23.465,134.497,933309,9121.54,684.0413
2025-02-11 14:13:23.467,134.498,933309,9121.54,684.0413
2025-02-11 14:13:23.467,134.498,935077,9137.28,684.0413
2025-02-11 14:13:23.576,134.607,994314,9664.42,684.0413
2025-02-11 14:13:23.683,134.714,994314,9664.42,684.0413
2025-02-11 14:13:23.683,134.714,994314,9664.42,684.0413
2025-02-11 14:13:23.684,134.715,1005925,9767.74,684.0413
2025-02-11 14:13:23.685,134.716,1005925,9767.74,684.0413
2025-02-11 14:13:23.791,134.822,1005925,9767.74,671.8624
2025-02-11 14:13:23.792,134.823,1005925,9767.74,671.8624
2025-02-11 14:13:23.900,134.932,971740,9463.54,671.8624
2025-02-11 14:13:24.010,135.041,971740,9463.54,671.8624
2025-02-11 14:13:24.011,135.043,976021,9501.63,671.8624
2025-02-11 14:13:24.012,135.044,976021,9501.63,671.8624
2025-02-11 14:13:24.119,135.15,976021,9501.63,671.8624
2025-02-11 14:13:24.119,135.15,1064100,10285.43,671.8624
2025-02-11 14:13:24.120,135.151,1064100,10285.43,671.8624
2025-02-11 14:13:24.228,135.259,1064100,10285.43,679.7173
2025-02-11 14:13:24.228,135.259,1046463,10128.49,679.7173
2025-02-11 14:13:24.229,135.26,1046463,10128.49,679.7173
2025-02-11 14:13:24.336,135.367,1064184,10286.18,679.7173
2025-02-11 14:13:24.445,135.476,1064184,10286.18,679.7173
2025-02-11 14:13:24.445,135.476,1093834,10550.03,679.7173
2025-02-11 14:13:24.553,135.584,1093834,10550.03,679.7173
2025-02-11 14:13:24.553,135.584,1093834,10550.03,679.7173
2025-02-11 14:13:24.554,135.585,1090181,10517.53,679.7173
2025-02-11 14:13:24.660,135.692,1090181,10517.53,679.7173
2025-02-11 14:13:24.662,135.693,1090181,10517.53,667.8242
2025-02-11 14:13:24.662,135.693,1106651,10664.09,667.8242
2025-02-11 14:13:24.770,135.801,1099181,10597.62,667.8242
2025-02-11 14:13:24.878,135.909,1099181,10597.62,667.8242
2025-02-11 14:13:24.987,136.018,1128097,10854.93,667.8242
2025-02-11 14:13:24.987,136.018,1128097,10854.93,667.8242
2025-02-11 14:13:24.988,136.019,1128097,10854.93,667.8242
2025-02-11 14:13:24.988,136.019,1128097,10854.93,693.6737
2025-02-11 14:13:25.096,136.127,1179361,11311.13,693.6737
2025-02-11 14:13:25.096,136.127,1179361,11311.13,693.6737
2025-02-11 14:13:25.205,136.236,1200419,11498.52,693.6737
2025-02-11 14:13:25.206,136.237,1200419,11498.52,693.6737
2025-02-11 14:13:25.315,136.346,1238763,11839.74,693.6737
2025-02-11 14:13:25.315,136.346,1238763,11839.74,693.6737
2025-02-11 14:13:25.315,136.346,1238763,11839.74,693.6737
2025-02-11 14:13:25.423,136.454,1240600,11856.08,693.6737
2025-02-11 14:13:25.424,136.455,1240600,11856.08,665.1589
2025-02-11 14:13:25.425,136.456,1240600,11856.08,665.1589
2025-02-11 14:13:25.533,136.564,1216032,11637.46,665.1589
2025-02-11 14:13:25.533,136.564,1216032,11637.46,665.1589
2025-02-11 14:13:25.627,136.658,1216032,11637.46,665.1589
2025-02-11 14:13:25.635,136.666,1239647,11847.6,665.1589
2025-02-11 14:13:25.635,136.666,1239647,11847.6,665.1589
2025-02-11 14:13:25.750,136.781,1241594,11864.93,665.1589
2025-02-11 14:13:25.860,136.891,1241594,11864.93,665.1589
2025-02-11 14:13:25.861,136.892,1241594,11864.93,665.1589
2025-02-11 14:13:25.861,136.892,1241594,11864.93,720.098
2025-02-11 14:13:25.861,136.892,1304251,12422.5,720.098
2025-02-11 14:13:25.862,136.893,1304251,12422.5,720.098
2025-02-11 14:13:25.967,136.998,1315898,12526.15,720.098
2025-02-11 14:13:25.968,136.999,1315898,12526.15,720.098
2025-02-11 14:13:26.078,137.109,1315898,12526.15,720.098
2025-02-11 14:13:26.081,137.112,1315898,12526.15,720.098
2025-02-11 14:13:26.082,137.113,1314170,12510.77,720.098
2025-02-11 14:13:26.186,137.217,1342270,12760.83,720.098
2025-02-11 14:13:26.187,137.218,1342270,12760.83,720.098
2025-02-11 14:13:26.188,137.219,1312451,12495.47,720.098
2025-02-11 14:13:26.295,137.326,1312451,12495.47,720.098
2025-02-11 14:13:26.295,137.326,1312451,12495.47,720.098
2025-02-11 14:13:26.296,137.328,1339463,12735.85,720.098
2025-02-11 14:13:26.296,137.328,1339463,12735.85,720.098
2025-02-11 14:13:26.404,137.435,1359639,12915.39,720.098
2025-02-11 14:13:26.405,137.436,1359639,12915.39,720.098
2025-02-11 14:13:26.512,137.543,1375876,13059.88,720.098
2025-02-11 14:13:26.513,137.544,1375876,13059.88,720.098
2025-02-11 14:13:26.623,137.654,1375876,13059.88,46.66356
2025-02-11 14:13:26.624,137.655,1375876,13059.88,46.66356
2025-02-11 14:13:26.624,137.655,1422672,13476.32,46.66356
2025-02-11 14:13:26.730,137.761,1435662,13591.91,46.66356
2025-02-11 14:13:26.839,137.87,1435662,13591.91,46.66356
2025-02-11 14:13:26.842,137.873,1462070,13826.91,46.66356
2025-02-11 14:13:27.056,138.087,1462070,13826.91,46.66356
2025-02-11 14:13:27.056,138.087,1462070,13826.91,46.66356
2025-02-11 14:13:27.057,138.088,1470083,13898.22,46.66356
2025-02-11 14:13:27.057,138.088,1470083,13898.22,46.66356
2025-02-11 14:13:27.164,138.195,1461930,13825.67,46.66356
2025-02-11 14:13:27.272,138.303,1461930,13825.67,46.66356
2025-02-11 14:13:27.272,138.303,1477566,13964.81,46.66356
2025-02-11 14:13:27.378,138.41,1477566,13964.81,46.66356
