Timestamp,Relative_Time,FT_F01_Hz
2025-07-05 13:23:07.249,210.004,0
2025-07-05 13:23:07.249,210.004,0
2025-07-05 13:23:07.296,210.052,0
2025-07-05 13:23:07.297,210.053,0
2025-07-05 13:23:07.297,210.053,0
2025-07-05 13:23:07.297,210.053,0
2025-07-05 13:23:07.297,210.053,0
2025-07-05 13:23:07.297,210.053,0
2025-07-05 13:23:07.298,210.054,628.5355
2025-07-05 13:23:07.298,210.054,628.5355
2025-07-05 13:23:07.344,210.099,628.5355
2025-07-05 13:23:07.344,210.099,628.5355
2025-07-05 13:23:07.344,210.099,628.5355
2025-07-05 13:23:07.344,210.099,628.5355
2025-07-05 13:23:07.344,210.099,628.5355
2025-07-05 13:23:07.344,210.099,628.5355
2025-07-05 13:23:07.345,210.101,628.5355
2025-07-05 13:23:07.345,210.101,628.5355
2025-07-05 13:23:07.345,210.101,628.5355
2025-07-05 13:23:07.391,210.146,628.5355
2025-07-05 13:23:07.391,210.146,628.5355
2025-07-05 13:23:07.391,210.146,628.5355
2025-07-05 13:23:07.438,210.194,628.5355
2025-07-05 13:23:07.438,210.194,628.5355
2025-07-05 13:23:07.485,210.241,628.5355
2025-07-05 13:23:07.485,210.241,628.5355
2025-07-05 13:23:07.485,210.241,628.5355
2025-07-05 13:23:07.485,210.241,628.5355
2025-07-05 13:23:07.486,210.242,628.5355
2025-07-05 13:23:07.486,210.242,628.5355
2025-07-05 13:23:07.486,210.242,628.5355
2025-07-05 13:23:07.486,210.242,628.5355
2025-07-05 13:23:07.486,210.242,628.5355
2025-07-05 13:23:07.486,210.242,628.5355
2025-07-05 13:23:07.533,210.288,628.5355
2025-07-05 13:23:07.534,210.29,628.5355
2025-07-05 13:23:07.534,210.29,628.5355
2025-07-05 13:23:07.534,210.29,628.5355
2025-07-05 13:23:07.534,210.29,628.5355
2025-07-05 13:23:07.534,210.29,628.5355
2025-07-05 13:23:07.534,210.29,628.5355
2025-07-05 13:23:07.534,210.29,628.5355
2025-07-05 13:23:07.579,210.335,628.5355
2025-07-05 13:23:07.579,210.335,628.5355
2025-07-05 13:23:07.579,210.335,628.5355
2025-07-05 13:23:07.626,210.382,628.5355
2025-07-05 13:23:07.626,210.382,628.5355
2025-07-05 13:23:07.628,210.383,628.5355
2025-07-05 13:23:07.628,210.383,628.5355
2025-07-05 13:23:07.674,210.429,628.5355
2025-07-05 13:23:07.674,210.429,628.5355
2025-07-05 13:23:07.674,210.429,628.5355
2025-07-05 13:23:07.720,210.476,628.5355
2025-07-05 13:23:07.720,210.476,628.5355
2025-07-05 13:23:07.720,210.476,628.5355
2025-07-05 13:23:07.720,210.476,628.5355
2025-07-05 13:23:07.721,210.477,628.5355
2025-07-05 13:23:07.721,210.477,628.5355
2025-07-05 13:23:07.721,210.477,628.5355
2025-07-05 13:23:07.721,210.477,602.6274
2025-07-05 13:23:07.721,210.477,602.6274
2025-07-05 13:23:07.721,210.477,602.6274
2025-07-05 13:23:07.721,210.477,602.6274
2025-07-05 13:23:07.768,210.523,602.6274
2025-07-05 13:23:07.768,210.523,602.6274
2025-07-05 13:23:07.768,210.523,602.6274
2025-07-05 13:23:07.768,210.523,602.6274
2025-07-05 13:23:07.768,210.523,602.6274
2025-07-05 13:23:07.768,210.523,602.6274
2025-07-05 13:23:07.769,210.525,602.6274
2025-07-05 13:23:07.814,210.57,602.6274
2025-07-05 13:23:07.861,210.617,602.6274
2025-07-05 13:23:07.861,210.617,602.6274
2025-07-05 13:23:07.861,210.617,602.6274
2025-07-05 13:23:07.861,210.617,602.6274
2025-07-05 13:23:07.910,210.665,602.6274
2025-07-05 13:23:07.910,210.665,602.6274
2025-07-05 13:23:07.910,210.665,602.6274
2025-07-05 13:23:07.910,210.666,602.6274
2025-07-05 13:23:07.910,210.666,602.6274
2025-07-05 13:23:07.910,210.666,602.6274
2025-07-05 13:23:07.910,210.666,602.6274
2025-07-05 13:23:07.910,210.666,602.6274
2025-07-05 13:23:07.957,210.712,602.6274
2025-07-05 13:23:07.957,210.712,602.6274
2025-07-05 13:23:07.957,210.712,602.6274
2025-07-05 13:23:07.957,210.712,602.6274
2025-07-05 13:23:07.957,210.712,602.6274
2025-07-05 13:23:07.958,210.713,602.6274
2025-07-05 13:23:08.004,210.76,602.6274
2025-07-05 13:23:08.004,210.76,602.6274
2025-07-05 13:23:08.004,210.76,602.6274
2025-07-05 13:23:08.005,210.761,602.6274
2025-07-05 13:23:08.005,210.761,602.6274
2025-07-05 13:23:08.050,210.806,602.6274
2025-07-05 13:23:08.098,210.853,602.6274
2025-07-05 13:23:08.098,210.853,602.6274
2025-07-05 13:23:08.098,210.853,602.6274
2025-07-05 13:23:08.098,210.853,602.6274
2025-07-05 13:23:08.129,210.885,602.6274
2025-07-05 13:23:08.130,210.886,602.6274
2025-07-05 13:23:08.130,210.886,602.6274
2025-07-05 13:23:08.130,210.886,602.6274
2025-07-05 13:23:08.130,210.886,602.6274
2025-07-05 13:23:08.130,210.886,602.6274
2025-07-05 13:23:08.131,210.887,569.152
2025-07-05 13:23:08.131,210.887,569.152
2025-07-05 13:23:08.131,210.887,569.152
2025-07-05 13:23:08.131,210.887,569.152
2025-07-05 13:23:08.131,210.887,569.152
2025-07-05 13:23:08.131,210.887,569.152
2025-07-05 13:23:08.135,210.891,569.152
2025-07-05 13:23:08.192,210.947,569.152
2025-07-05 13:23:08.192,210.947,569.152
2025-07-05 13:23:08.192,210.947,569.152
2025-07-05 13:23:08.239,210.994,569.152
2025-07-05 13:23:08.239,210.994,569.152
2025-07-05 13:23:08.239,210.994,569.152
2025-07-05 13:23:08.239,210.994,569.152
2025-07-05 13:23:08.285,211.04,569.152
2025-07-05 13:23:08.285,211.04,569.152
2025-07-05 13:23:08.285,211.04,569.152
2025-07-05 13:23:08.333,211.088,569.152
2025-07-05 13:23:08.333,211.088,569.152
2025-07-05 13:23:08.333,211.088,569.152
2025-07-05 13:23:08.334,211.089,569.152
2025-07-05 13:23:08.334,211.089,569.152
2025-07-05 13:23:08.334,211.089,569.152
2025-07-05 13:23:08.334,211.089,569.152
2025-07-05 13:23:08.364,211.119,569.152
2025-07-05 13:23:08.364,211.119,569.152
2025-07-05 13:23:08.364,211.119,569.152
2025-07-05 13:23:08.364,211.119,569.152
2025-07-05 13:23:08.364,211.119,569.152
2025-07-05 13:23:08.365,211.121,569.152
2025-07-05 13:23:08.365,211.121,569.152
2025-07-05 13:23:08.365,211.121,569.152
2025-07-05 13:23:08.365,211.121,569.152
2025-07-05 13:23:08.365,211.121,569.152
2025-07-05 13:23:08.365,211.121,569.152
2025-07-05 13:23:08.365,211.121,569.152
2025-07-05 13:23:08.365,211.121,569.152
2025-07-05 13:23:08.427,211.183,569.152
2025-07-05 13:23:08.427,211.183,569.152
2025-07-05 13:23:08.474,211.23,569.152
2025-07-05 13:23:08.523,211.278,569.152
2025-07-05 13:23:08.523,211.278,569.152
2025-07-05 13:23:08.523,211.278,569.152
2025-07-05 13:23:08.523,211.278,569.152
2025-07-05 13:23:08.523,211.278,569.152
2025-07-05 13:23:08.523,211.278,569.152
2025-07-05 13:23:08.523,211.278,569.152
2025-07-05 13:23:08.523,211.278,569.152
2025-07-05 13:23:08.524,211.279,569.152
2025-07-05 13:23:08.524,211.279,569.152
2025-07-05 13:23:08.569,211.325,569.152
2025-07-05 13:23:08.570,211.326,569.152
2025-07-05 13:23:08.570,211.326,569.152
2025-07-05 13:23:08.570,211.326,569.152
2025-07-05 13:23:08.571,211.327,569.152
2025-07-05 13:23:08.571,211.327,569.152
2025-07-05 13:23:08.571,211.327,569.152
2025-07-05 13:23:08.571,211.327,578.7707
2025-07-05 13:23:08.571,211.327,578.7707
2025-07-05 13:23:08.576,211.331,578.7707
2025-07-05 13:23:08.618,211.373,578.7707
2025-07-05 13:23:08.665,211.42,578.7707
2025-07-05 13:23:08.665,211.42,578.7707
2025-07-05 13:23:08.665,211.42,578.7707
2025-07-05 13:23:08.665,211.42,578.7707
2025-07-05 13:23:08.711,211.467,578.7707
2025-07-05 13:23:08.711,211.467,578.7707
2025-07-05 13:23:08.711,211.467,578.7707
2025-07-05 13:23:08.758,211.513,578.7707
2025-07-05 13:23:08.758,211.513,578.7707
2025-07-05 13:23:08.759,211.514,578.7707
2025-07-05 13:23:08.759,211.514,578.7707
2025-07-05 13:23:08.759,211.514,578.7707
2025-07-05 13:23:08.759,211.514,578.7707
2025-07-05 13:23:08.759,211.514,578.7707
2025-07-05 13:23:08.805,211.561,578.7707
2025-07-05 13:23:08.805,211.561,578.7707
2025-07-05 13:23:08.805,211.561,578.7707
2025-07-05 13:23:08.807,211.562,578.7707
2025-07-05 13:23:08.807,211.562,578.7707
2025-07-05 13:23:08.807,211.562,578.7707
2025-07-05 13:23:08.807,211.562,578.7707
2025-07-05 13:23:08.807,211.562,578.7707
2025-07-05 13:23:08.807,211.562,578.7707
2025-07-05 13:23:08.807,211.562,578.7707
2025-07-05 13:23:08.900,211.656,578.7707
2025-07-05 13:23:08.900,211.656,578.7707
2025-07-05 13:23:08.900,211.656,578.7707
2025-07-05 13:23:08.900,211.656,578.7707
2025-07-05 13:23:08.900,211.656,578.7707
2025-07-05 13:23:08.947,211.703,578.7707
2025-07-05 13:23:08.949,211.704,578.7707
2025-07-05 13:23:08.949,211.704,578.7707
2025-07-05 13:23:08.949,211.704,578.7707
2025-07-05 13:23:08.949,211.704,578.7707
2025-07-05 13:23:08.949,211.704,578.7707
2025-07-05 13:23:08.995,211.751,578.7707
2025-07-05 13:23:08.996,211.751,578.7707
2025-07-05 13:23:08.996,211.751,578.7707
2025-07-05 13:23:08.996,211.751,578.7707
2025-07-05 13:23:08.996,211.751,578.7707
2025-07-05 13:23:08.997,211.752,578.7707
2025-07-05 13:23:08.997,211.752,578.7707
2025-07-05 13:23:08.997,211.752,578.7707
2025-07-05 13:23:08.997,211.752,556.0807
2025-07-05 13:23:09.043,211.799,556.0807
2025-07-05 13:23:09.043,211.799,556.0807
2025-07-05 13:23:09.043,211.799,556.0807
2025-07-05 13:23:09.043,211.799,556.0807
2025-07-05 13:23:09.043,211.799,556.0807
2025-07-05 13:23:09.090,211.846,556.0807
2025-07-05 13:23:09.153,211.908,556.0807
2025-07-05 13:23:09.153,211.908,556.0807
2025-07-05 13:23:09.153,211.908,556.0807
2025-07-05 13:23:09.153,211.908,556.0807
2025-07-05 13:23:09.153,211.908,556.0807
2025-07-05 13:23:09.153,211.908,556.0807
2025-07-05 13:23:09.153,211.908,556.0807
2025-07-05 13:23:09.200,211.956,556.0807
2025-07-05 13:23:09.200,211.956,556.0807
2025-07-05 13:23:09.200,211.956,556.0807
2025-07-05 13:23:09.201,211.957,556.0807
2025-07-05 13:23:09.201,211.957,556.0807
2025-07-05 13:23:09.201,211.957,556.0807
2025-07-05 13:23:09.201,211.957,556.0807
2025-07-05 13:23:09.201,211.957,556.0807
2025-07-05 13:23:09.201,211.957,556.0807
2025-07-05 13:23:09.201,211.957,556.0807
2025-07-05 13:23:09.248,212.004,556.0807
2025-07-05 13:23:09.248,212.004,556.0807
2025-07-05 13:23:09.295,212.051,556.0807
2025-07-05 13:23:09.295,212.051,556.0807
2025-07-05 13:23:09.295,212.051,556.0807
2025-07-05 13:23:09.295,212.051,556.0807
2025-07-05 13:23:09.295,212.051,556.0807
2025-07-05 13:23:09.296,212.052,556.0807
2025-07-05 13:23:09.341,212.097,556.0807
2025-07-05 13:23:09.341,212.097,556.0807
2025-07-05 13:23:09.341,212.097,556.0807
2025-07-05 13:23:09.341,212.097,556.0807
2025-07-05 13:23:09.341,212.097,556.0807
2025-07-05 13:23:09.389,212.145,556.0807
2025-07-05 13:23:09.389,212.145,556.0807
2025-07-05 13:23:09.390,212.146,556.0807
2025-07-05 13:23:09.390,212.146,556.0807
2025-07-05 13:23:09.390,212.146,556.0807
2025-07-05 13:23:09.390,212.146,556.0807
2025-07-05 13:23:09.390,212.146,556.0807
2025-07-05 13:23:09.390,212.146,556.0807
2025-07-05 13:23:09.392,212.147,556.0807
2025-07-05 13:23:09.436,212.192,556.0807
2025-07-05 13:23:09.436,212.192,556.0807
2025-07-05 13:23:09.436,212.192,556.0807
2025-07-05 13:23:09.436,212.192,556.0807
2025-07-05 13:23:09.436,212.192,552.1202
2025-07-05 13:23:09.437,212.193,552.1202
2025-07-05 13:23:09.437,212.193,552.1202
2025-07-05 13:23:09.437,212.193,552.1202
2025-07-05 13:23:09.437,212.193,552.1202
2025-07-05 13:23:09.484,212.239,552.1202
2025-07-05 13:23:09.531,212.287,552.1202
2025-07-05 13:23:09.579,212.335,552.1202
2025-07-05 13:23:09.579,212.335,552.1202
2025-07-05 13:23:09.579,212.335,552.1202
2025-07-05 13:23:09.580,212.336,552.1202
2025-07-05 13:23:09.580,212.336,552.1202
2025-07-05 13:23:09.580,212.336,552.1202
2025-07-05 13:23:09.580,212.336,552.1202
2025-07-05 13:23:09.580,212.336,552.1202
2025-07-05 13:23:09.580,212.336,552.1202
2025-07-05 13:23:09.582,212.337,552.1202
2025-07-05 13:23:09.582,212.337,552.1202
2025-07-05 13:23:09.626,212.381,552.1202
2025-07-05 13:23:09.626,212.381,552.1202
2025-07-05 13:23:09.627,212.382,552.1202
2025-07-05 13:23:09.627,212.382,552.1202
2025-07-05 13:23:09.627,212.382,552.1202
2025-07-05 13:23:09.627,212.382,552.1202
2025-07-05 13:23:09.672,212.428,552.1202
2025-07-05 13:23:09.672,212.428,552.1202
2025-07-05 13:23:09.672,212.428,552.1202
2025-07-05 13:23:09.672,212.428,552.1202
2025-07-05 13:23:09.720,212.475,552.1202
2025-07-05 13:23:09.720,212.475,552.1202
2025-07-05 13:23:09.720,212.475,552.1202
2025-07-05 13:23:09.766,212.522,552.1202
2025-07-05 13:23:09.798,212.553,552.1202
2025-07-05 13:23:09.798,212.553,552.1202
2025-07-05 13:23:09.798,212.553,552.1202
2025-07-05 13:23:09.799,212.554,552.1202
2025-07-05 13:23:09.799,212.554,552.1202
2025-07-05 13:23:09.799,212.554,552.1202
2025-07-05 13:23:09.799,212.554,552.1202
2025-07-05 13:23:09.799,212.554,552.1202
2025-07-05 13:23:09.813,212.569,552.1202
2025-07-05 13:23:09.813,212.569,552.1202
2025-07-05 13:23:09.813,212.569,552.1202
2025-07-05 13:23:09.814,212.57,552.1202
2025-07-05 13:23:09.814,212.57,552.1202
2025-07-05 13:23:09.814,212.57,552.1202
2025-07-05 13:23:09.860,212.616,552.1202
2025-07-05 13:23:09.860,212.616,552.1202
2025-07-05 13:23:09.861,212.617,552.1202
2025-07-05 13:23:09.862,212.618,544.514
2025-07-05 13:23:09.865,212.621,544.514
2025-07-05 13:23:09.907,212.663,544.514
2025-07-05 13:23:09.907,212.663,544.514
2025-07-05 13:23:09.954,212.71,544.514
2025-07-05 13:23:09.954,212.71,544.514
2025-07-05 13:23:09.954,212.71,544.514
2025-07-05 13:23:09.954,212.71,544.514
2025-07-05 13:23:10.003,212.758,544.514
2025-07-05 13:23:10.003,212.758,544.514
2025-07-05 13:23:10.003,212.758,544.514
2025-07-05 13:23:10.003,212.758,544.514
2025-07-05 13:23:10.003,212.758,544.514
2025-07-05 13:23:10.004,212.759,544.514
2025-07-05 13:23:10.004,212.759,544.514
2025-07-05 13:23:10.049,212.805,544.514
2025-07-05 13:23:10.049,212.805,544.514
2025-07-05 13:23:10.049,212.805,544.514
2025-07-05 13:23:10.049,212.805,544.514
2025-07-05 13:23:10.049,212.805,544.514
2025-07-05 13:23:10.051,212.806,544.514
2025-07-05 13:23:10.096,212.852,544.514
2025-07-05 13:23:10.096,212.852,544.514
2025-07-05 13:23:10.096,212.852,544.514
2025-07-05 13:23:10.098,212.853,544.514
2025-07-05 13:23:10.098,212.853,544.514
2025-07-05 13:23:10.143,212.899,544.514
2025-07-05 13:23:10.143,212.899,544.514
2025-07-05 13:23:10.190,212.946,544.514
2025-07-05 13:23:10.190,212.946,544.514
2025-07-05 13:23:10.190,212.946,544.514
2025-07-05 13:23:10.221,212.976,544.514
2025-07-05 13:23:10.221,212.976,544.514
2025-07-05 13:23:10.221,212.976,544.514
2025-07-05 13:23:10.221,212.976,544.514
2025-07-05 13:23:10.222,212.977,544.514
2025-07-05 13:23:10.222,212.977,544.514
2025-07-05 13:23:10.222,212.977,544.514
2025-07-05 13:23:10.222,212.977,544.514
2025-07-05 13:23:10.222,212.977,544.514
2025-07-05 13:23:10.222,212.977,544.514
2025-07-05 13:23:10.222,212.977,544.514
2025-07-05 13:23:10.222,212.977,544.514
2025-07-05 13:23:10.223,212.979,544.514
2025-07-05 13:23:10.223,212.979,544.514
2025-07-05 13:23:10.282,213.038,544.514
2025-07-05 13:23:10.283,213.039,544.514
2025-07-05 13:23:10.283,213.039,544.514
2025-07-05 13:23:10.283,213.039,544.514
2025-07-05 13:23:10.283,213.039,535.1027
2025-07-05 13:23:10.283,213.039,535.1027
2025-07-05 13:23:10.284,213.04,535.1027
2025-07-05 13:23:10.329,213.085,535.1027
2025-07-05 13:23:10.329,213.085,535.1027
2025-07-05 13:23:10.330,213.086,535.1027
2025-07-05 13:23:10.330,213.086,535.1027
2025-07-05 13:23:10.376,213.132,535.1027
2025-07-05 13:23:10.376,213.132,535.1027
2025-07-05 13:23:10.422,213.177,535.1027
2025-07-05 13:23:10.422,213.177,535.1027
2025-07-05 13:23:10.423,213.179,535.1027
2025-07-05 13:23:10.423,213.179,535.1027
2025-07-05 13:23:10.423,213.179,535.1027
2025-07-05 13:23:10.423,213.179,535.1027
2025-07-05 13:23:10.423,213.179,535.1027
2025-07-05 13:23:10.470,213.226,535.1027
2025-07-05 13:23:10.470,213.226,535.1027
2025-07-05 13:23:10.470,213.226,535.1027
2025-07-05 13:23:10.470,213.226,535.1027
2025-07-05 13:23:10.470,213.226,535.1027
2025-07-05 13:23:10.472,213.227,535.1027
2025-07-05 13:23:10.472,213.227,535.1027
2025-07-05 13:23:10.472,213.227,535.1027
2025-07-05 13:23:10.472,213.227,535.1027
2025-07-05 13:23:10.472,213.227,535.1027
2025-07-05 13:23:10.532,213.288,535.1027
2025-07-05 13:23:10.579,213.335,535.1027
2025-07-05 13:23:10.579,213.335,535.1027
2025-07-05 13:23:10.579,213.335,535.1027
2025-07-05 13:23:10.626,213.382,535.1027
2025-07-05 13:23:10.626,213.382,535.1027
2025-07-05 13:23:10.626,213.382,535.1027
2025-07-05 13:23:10.626,213.382,535.1027
2025-07-05 13:23:10.626,213.382,535.1027
2025-07-05 13:23:10.626,213.382,535.1027
2025-07-05 13:23:10.627,213.383,535.1027
2025-07-05 13:23:10.627,213.383,535.1027
2025-07-05 13:23:10.627,213.383,535.1027
2025-07-05 13:23:10.673,213.429,535.1027
2025-07-05 13:23:10.673,213.429,535.1027
2025-07-05 13:23:10.673,213.429,535.1027
2025-07-05 13:23:10.673,213.429,535.1027
2025-07-05 13:23:10.674,213.43,535.1027
2025-07-05 13:23:10.674,213.43,535.1027
2025-07-05 13:23:10.674,213.43,535.1027
2025-07-05 13:23:10.674,213.43,535.1027
2025-07-05 13:23:10.720,213.476,535.1027
2025-07-05 13:23:10.720,213.476,552.0591
2025-07-05 13:23:10.721,213.477,552.0591
2025-07-05 13:23:10.721,213.477,552.0591
2025-07-05 13:23:10.721,213.477,552.0591
2025-07-05 13:23:10.766,213.521,552.0591
2025-07-05 13:23:10.766,213.521,552.0591
2025-07-05 13:23:10.811,213.567,552.0591
2025-07-05 13:23:10.812,213.568,552.0591
2025-07-05 13:23:10.812,213.568,552.0591
2025-07-05 13:23:10.859,213.614,552.0591
2025-07-05 13:23:10.859,213.614,552.0591
2025-07-05 13:23:10.859,213.614,552.0591
2025-07-05 13:23:10.859,213.614,552.0591
2025-07-05 13:23:10.859,213.614,552.0591
2025-07-05 13:23:10.859,213.614,552.0591
2025-07-05 13:23:10.859,213.614,552.0591
2025-07-05 13:23:10.860,213.616,552.0591
2025-07-05 13:23:10.860,213.616,552.0591
2025-07-05 13:23:10.860,213.616,552.0591
2025-07-05 13:23:10.860,213.616,552.0591
2025-07-05 13:23:10.860,213.616,552.0591
2025-07-05 13:23:10.904,213.66,552.0591
2025-07-05 13:23:10.904,213.66,552.0591
2025-07-05 13:23:10.904,213.66,552.0591
2025-07-05 13:23:10.951,213.707,552.0591
2025-07-05 13:23:10.998,213.754,552.0591
2025-07-05 13:23:10.998,213.754,552.0591
2025-07-05 13:23:10.998,213.754,552.0591
2025-07-05 13:23:10.998,213.754,552.0591
2025-07-05 13:23:10.998,213.754,552.0591
2025-07-05 13:23:10.999,213.755,552.0591
2025-07-05 13:23:11.044,213.8,552.0591
2025-07-05 13:23:11.045,213.8,552.0591
2025-07-05 13:23:11.045,213.8,552.0591
2025-07-05 13:23:11.045,213.8,552.0591
2025-07-05 13:23:11.046,213.801,552.0591
2025-07-05 13:23:11.046,213.801,552.0591
2025-07-05 13:23:11.046,213.801,552.0591
2025-07-05 13:23:11.046,213.801,552.0591
2025-07-05 13:23:11.091,213.847,552.0591
2025-07-05 13:23:11.091,213.847,552.0591
2025-07-05 13:23:11.091,213.847,552.0591
2025-07-05 13:23:11.091,213.847,552.0591
2025-07-05 13:23:11.091,213.847,552.0591
2025-07-05 13:23:11.091,213.847,552.0591
2025-07-05 13:23:11.091,213.847,552.0591
2025-07-05 13:23:11.137,213.893,552.0591
2025-07-05 13:23:11.137,213.893,552.0591
2025-07-05 13:23:11.137,213.893,552.0591
2025-07-05 13:23:11.138,213.894,552.0591
2025-07-05 13:23:11.184,213.94,548.6968
2025-07-05 13:23:11.184,213.94,548.6968
2025-07-05 13:23:11.184,213.94,548.6968
2025-07-05 13:23:11.185,213.941,548.6968
2025-07-05 13:23:11.232,213.987,548.6968
2025-07-05 13:23:11.232,213.987,548.6968
2025-07-05 13:23:11.232,213.987,548.6968
2025-07-05 13:23:11.232,213.987,548.6968
2025-07-05 13:23:11.232,213.987,548.6968
2025-07-05 13:23:11.233,213.989,548.6968
2025-07-05 13:23:11.233,213.989,548.6968
2025-07-05 13:23:11.233,213.989,548.6968
2025-07-05 13:23:11.233,213.989,548.6968
2025-07-05 13:23:11.233,213.989,548.6968
2025-07-05 13:23:11.279,214.034,548.6968
2025-07-05 13:23:11.279,214.034,548.6968
2025-07-05 13:23:11.279,214.034,548.6968
2025-07-05 13:23:11.279,214.034,548.6968
2025-07-05 13:23:11.280,214.035,548.6968
2025-07-05 13:23:11.280,214.035,548.6968
2025-07-05 13:23:11.280,214.035,548.6968
2025-07-05 13:23:11.280,214.035,548.6968
2025-07-05 13:23:11.325,214.081,548.6968
2025-07-05 13:23:11.325,214.081,548.6968
2025-07-05 13:23:11.373,214.129,548.6968
2025-07-05 13:23:11.373,214.129,548.6968
2025-07-05 13:23:11.373,214.129,548.6968
2025-07-05 13:23:11.373,214.129,548.6968
2025-07-05 13:23:11.420,214.175,548.6968
2025-07-05 13:23:11.466,214.222,548.6968
2025-07-05 13:23:11.466,214.222,548.6968
2025-07-05 13:23:11.466,214.222,548.6968
2025-07-05 13:23:11.466,214.222,548.6968
2025-07-05 13:23:11.467,214.223,548.6968
2025-07-05 13:23:11.467,214.223,548.6968
2025-07-05 13:23:11.467,214.223,548.6968
2025-07-05 13:23:11.467,214.223,548.6968
2025-07-05 13:23:11.467,214.223,548.6968
2025-07-05 13:23:11.467,214.223,548.6968
2025-07-05 13:23:11.513,214.269,548.6968
2025-07-05 13:23:11.513,214.269,548.6968
2025-07-05 13:23:11.513,214.269,548.6968
2025-07-05 13:23:11.515,214.27,548.6968
2025-07-05 13:23:11.515,214.27,548.6968
2025-07-05 13:23:11.515,214.27,548.6968
2025-07-05 13:23:11.515,214.27,548.6968
2025-07-05 13:23:11.515,214.27,548.6968
2025-07-05 13:23:11.561,214.317,548.6968
2025-07-05 13:23:11.562,214.317,549.2695
2025-07-05 13:23:11.562,214.317,549.2695
2025-07-05 13:23:11.562,214.317,549.2695
2025-07-05 13:23:11.608,214.364,549.2695
2025-07-05 13:23:11.655,214.41,549.2695
2025-07-05 13:23:11.655,214.41,549.2695
2025-07-05 13:23:11.655,214.41,549.2695
2025-07-05 13:23:11.656,214.412,549.2695
2025-07-05 13:23:11.656,214.412,549.2695
2025-07-05 13:23:11.656,214.412,549.2695
2025-07-05 13:23:11.656,214.412,549.2695
2025-07-05 13:23:11.656,214.412,549.2695
2025-07-05 13:23:11.656,214.412,549.2695
2025-07-05 13:23:11.656,214.412,549.2695
2025-07-05 13:23:11.656,214.412,549.2695
2025-07-05 13:23:11.703,214.458,549.2695
2025-07-05 13:23:11.703,214.458,549.2695
2025-07-05 13:23:11.703,214.458,549.2695
2025-07-05 13:23:11.704,214.46,549.2695
2025-07-05 13:23:11.704,214.46,549.2695
2025-07-05 13:23:11.749,214.505,549.2695
2025-07-05 13:23:11.749,214.505,549.2695
2025-07-05 13:23:11.749,214.505,549.2695
2025-07-05 13:23:11.798,214.553,549.2695
2025-07-05 13:23:11.799,214.555,549.2695
2025-07-05 13:23:11.799,214.555,549.2695
2025-07-05 13:23:11.799,214.555,549.2695
2025-07-05 13:23:11.845,214.6,549.2695
2025-07-05 13:23:11.845,214.6,549.2695
2025-07-05 13:23:11.845,214.6,549.2695
2025-07-05 13:23:11.845,214.6,549.2695
2025-07-05 13:23:11.890,214.646,549.2695
2025-07-05 13:23:11.890,214.646,549.2695
2025-07-05 13:23:11.890,214.646,549.2695
2025-07-05 13:23:11.890,214.646,549.2695
2025-07-05 13:23:11.891,214.647,549.2695
2025-07-05 13:23:11.891,214.647,549.2695
2025-07-05 13:23:11.891,214.647,549.2695
2025-07-05 13:23:11.898,214.653,549.2695
2025-07-05 13:23:11.898,214.653,549.2695
2025-07-05 13:23:11.898,214.653,549.2695
2025-07-05 13:23:11.898,214.653,549.2695
2025-07-05 13:23:11.898,214.653,549.2695
2025-07-05 13:23:11.898,214.653,549.2695
2025-07-05 13:23:11.938,214.694,549.2695
2025-07-05 13:23:11.985,214.741,549.2695
2025-07-05 13:23:11.985,214.741,499.975
2025-07-05 13:23:11.985,214.741,499.975
2025-07-05 13:23:12.032,214.788,499.975
2025-07-05 13:23:12.032,214.788,499.975
2025-07-05 13:23:12.033,214.789,499.975
2025-07-05 13:23:12.033,214.789,499.975
2025-07-05 13:23:12.033,214.789,499.975
2025-07-05 13:23:12.079,214.834,499.975
2025-07-05 13:23:12.079,214.834,499.975
2025-07-05 13:23:12.080,214.835,499.975
2025-07-05 13:23:12.080,214.835,499.975
2025-07-05 13:23:12.080,214.835,499.975
2025-07-05 13:23:12.080,214.835,499.975
2025-07-05 13:23:12.080,214.835,499.975
2025-07-05 13:23:12.080,214.835,499.975
2025-07-05 13:23:12.081,214.836,499.975
2025-07-05 13:23:12.126,214.882,499.975
2025-07-05 13:23:12.126,214.882,499.975
2025-07-05 13:23:12.126,214.882,499.975
2025-07-05 13:23:12.126,214.882,499.975
2025-07-05 13:23:12.126,214.882,499.975
2025-07-05 13:23:12.128,214.883,499.975
2025-07-05 13:23:12.128,214.883,499.975
2025-07-05 13:23:12.128,214.883,499.975
2025-07-05 13:23:12.128,214.883,499.975
2025-07-05 13:23:12.174,214.929,499.975
2025-07-05 13:23:12.174,214.929,499.975
2025-07-05 13:23:12.174,214.929,499.975
2025-07-05 13:23:12.221,214.977,499.975
2025-07-05 13:23:12.221,214.977,499.975
2025-07-05 13:23:12.269,215.025,499.975
2025-07-05 13:23:12.269,215.025,499.975
2025-07-05 13:23:12.269,215.025,499.975
2025-07-05 13:23:12.269,215.025,499.975
2025-07-05 13:23:12.270,215.026,499.975
2025-07-05 13:23:12.270,215.026,499.975
2025-07-05 13:23:12.270,215.026,499.975
2025-07-05 13:23:12.270,215.026,499.975
2025-07-05 13:23:12.270,215.026,499.975
2025-07-05 13:23:12.270,215.026,499.975
2025-07-05 13:23:12.315,215.071,499.975
2025-07-05 13:23:12.315,215.071,499.975
2025-07-05 13:23:12.315,215.071,499.975
2025-07-05 13:23:12.315,215.071,499.975
2025-07-05 13:23:12.316,215.072,499.975
2025-07-05 13:23:12.316,215.072,499.975
2025-07-05 13:23:12.316,215.072,499.975
2025-07-05 13:23:12.316,215.072,499.975
2025-07-05 13:23:12.363,215.118,499.975
2025-07-05 13:23:12.410,215.166,499.975
2025-07-05 13:23:12.410,215.166,472.7238
2025-07-05 13:23:12.411,215.167,472.7238
2025-07-05 13:23:12.411,215.167,472.7238
2025-07-05 13:23:12.411,215.167,472.7238
2025-07-05 13:23:12.411,215.167,472.7238
2025-07-05 13:23:12.411,215.167,472.7238
2025-07-05 13:23:12.456,215.212,472.7238
2025-07-05 13:23:12.456,215.212,472.7238
2025-07-05 13:23:12.456,215.212,472.7238
2025-07-05 13:23:12.456,215.212,472.7238
2025-07-05 13:23:12.456,215.212,472.7238
2025-07-05 13:23:12.502,215.257,472.7238
2025-07-05 13:23:12.502,215.257,472.7238
2025-07-05 13:23:12.502,215.257,472.7238
2025-07-05 13:23:12.504,215.259,472.7238
2025-07-05 13:23:12.504,215.259,472.7238
2025-07-05 13:23:12.504,215.259,472.7238
2025-07-05 13:23:12.504,215.259,472.7238
2025-07-05 13:23:12.504,215.259,472.7238
2025-07-05 13:23:12.549,215.304,472.7238
2025-07-05 13:23:12.549,215.304,472.7238
2025-07-05 13:23:12.550,215.305,472.7238
2025-07-05 13:23:12.550,215.305,472.7238
2025-07-05 13:23:12.550,215.305,472.7238
2025-07-05 13:23:12.596,215.352,472.7238
2025-07-05 13:23:12.645,215.4,472.7238
2025-07-05 13:23:12.645,215.4,472.7238
2025-07-05 13:23:12.646,215.401,472.7238
2025-07-05 13:23:12.691,215.447,472.7238
2025-07-05 13:23:12.691,215.447,472.7238
2025-07-05 13:23:12.691,215.447,472.7238
2025-07-05 13:23:12.691,215.447,472.7238
2025-07-05 13:23:12.691,215.447,472.7238
2025-07-05 13:23:12.691,215.447,472.7238
2025-07-05 13:23:12.691,215.447,472.7238
2025-07-05 13:23:12.693,215.448,472.7238
2025-07-05 13:23:12.693,215.448,472.7238
2025-07-05 13:23:12.693,215.448,472.7238
2025-07-05 13:23:12.693,215.448,472.7238
2025-07-05 13:23:12.693,215.448,472.7238
2025-07-05 13:23:12.738,215.493,472.7238
2025-07-05 13:23:12.738,215.493,472.7238
2025-07-05 13:23:12.738,215.493,472.7238
2025-07-05 13:23:12.784,215.54,472.7238
2025-07-05 13:23:12.784,215.54,472.7238
2025-07-05 13:23:12.784,215.54,472.7238
2025-07-05 13:23:12.784,215.54,472.7238
2025-07-05 13:23:12.832,215.588,472.7238
2025-07-05 13:23:12.832,215.588,472.7238
2025-07-05 13:23:12.832,215.588,472.7238
2025-07-05 13:23:12.880,215.636,472.7238
2025-07-05 13:23:12.880,215.636,472.7238
2025-07-05 13:23:12.880,215.636,472.7238
2025-07-05 13:23:12.880,215.636,472.7238
2025-07-05 13:23:12.880,215.636,472.7238
2025-07-05 13:23:12.880,215.636,472.7238
2025-07-05 13:23:12.882,215.637,410.7282
2025-07-05 13:23:12.882,215.637,410.7282
2025-07-05 13:23:12.882,215.637,410.7282
2025-07-05 13:23:12.927,215.682,410.7282
2025-07-05 13:23:12.927,215.682,410.7282
2025-07-05 13:23:12.927,215.682,410.7282
2025-07-05 13:23:12.928,215.683,410.7282
2025-07-05 13:23:12.928,215.683,410.7282
2025-07-05 13:23:12.928,215.683,410.7282
2025-07-05 13:23:12.928,215.683,410.7282
2025-07-05 13:23:12.928,215.683,410.7282
2025-07-05 13:23:12.928,215.683,410.7282
2025-07-05 13:23:12.974,215.729,410.7282
2025-07-05 13:23:12.974,215.729,410.7282
2025-07-05 13:23:12.974,215.729,410.7282
2025-07-05 13:23:13.022,215.778,410.7282
2025-07-05 13:23:13.022,215.778,410.7282
2025-07-05 13:23:13.022,215.778,410.7282
2025-07-05 13:23:13.070,215.826,410.7282
2025-07-05 13:23:13.070,215.826,410.7282
2025-07-05 13:23:13.070,215.826,410.7282
2025-07-05 13:23:13.071,215.827,410.7282
2025-07-05 13:23:13.071,215.827,410.7282
2025-07-05 13:23:13.071,215.827,410.7282
2025-07-05 13:23:13.071,215.827,410.7282
2025-07-05 13:23:13.071,215.827,410.7282
2025-07-05 13:23:13.118,215.873,410.7282
2025-07-05 13:23:13.118,215.873,410.7282
2025-07-05 13:23:13.119,215.874,410.7282
2025-07-05 13:23:13.119,215.874,410.7282
2025-07-05 13:23:13.119,215.874,410.7282
2025-07-05 13:23:13.119,215.874,410.7282
2025-07-05 13:23:13.119,215.874,410.7282
2025-07-05 13:23:13.119,215.874,410.7282
2025-07-05 13:23:13.120,215.875,410.7282
2025-07-05 13:23:13.120,215.875,410.7282
2025-07-05 13:23:13.165,215.921,410.7282
2025-07-05 13:23:13.211,215.966,410.7282
2025-07-05 13:23:13.212,215.967,410.7282
2025-07-05 13:23:13.212,215.967,410.7282
2025-07-05 13:23:13.212,215.967,410.7282
2025-07-05 13:23:13.212,215.967,410.7282
2025-07-05 13:23:13.257,216.013,410.7282
2025-07-05 13:23:13.257,216.013,410.7282
2025-07-05 13:23:13.257,216.013,410.7282
2025-07-05 13:23:13.304,216.06,410.7282
2025-07-05 13:23:13.304,216.06,410.7282
2025-07-05 13:23:13.304,216.06,410.7282
2025-07-05 13:23:13.304,216.06,410.7282
2025-07-05 13:23:13.304,216.06,410.7282
2025-07-05 13:23:13.304,216.06,410.7282
2025-07-05 13:23:13.305,216.061,410.7282
2025-07-05 13:23:13.305,216.061,410.7282
2025-07-05 13:23:13.305,216.061,504.5918
2025-07-05 13:23:13.305,216.061,504.5918
2025-07-05 13:23:13.305,216.061,504.5918
2025-07-05 13:23:13.305,216.061,504.5918
2025-07-05 13:23:13.352,216.108,504.5918
2025-07-05 13:23:13.352,216.108,504.5918
2025-07-05 13:23:13.352,216.108,504.5918
2025-07-05 13:23:13.352,216.108,504.5918
2025-07-05 13:23:13.352,216.108,504.5918
2025-07-05 13:23:13.352,216.108,504.5918
2025-07-05 13:23:13.400,216.156,504.5918
2025-07-05 13:23:13.448,216.204,504.5918
2025-07-05 13:23:13.448,216.204,504.5918
2025-07-05 13:23:13.449,216.205,504.5918
2025-07-05 13:23:13.449,216.205,504.5918
2025-07-05 13:23:13.495,216.251,504.5918
2025-07-05 13:23:13.495,216.251,504.5918
2025-07-05 13:23:13.495,216.251,504.5918
2025-07-05 13:23:13.496,216.252,504.5918
2025-07-05 13:23:13.496,216.252,504.5918
2025-07-05 13:23:13.496,216.252,504.5918
2025-07-05 13:23:13.496,216.252,504.5918
2025-07-05 13:23:13.542,216.298,504.5918
2025-07-05 13:23:13.543,216.298,504.5918
2025-07-05 13:23:13.543,216.298,504.5918
2025-07-05 13:23:13.543,216.298,504.5918
2025-07-05 13:23:13.544,216.299,504.5918
2025-07-05 13:23:13.544,216.299,504.5918
2025-07-05 13:23:13.544,216.299,504.5918
2025-07-05 13:23:13.544,216.299,504.5918
2025-07-05 13:23:13.589,216.345,504.5918
2025-07-05 13:23:13.589,216.345,504.5918
2025-07-05 13:23:13.589,216.345,504.5918
2025-07-05 13:23:13.635,216.39,504.5918
2025-07-05 13:23:13.635,216.39,504.5918
2025-07-05 13:23:13.681,216.437,504.5918
2025-07-05 13:23:13.681,216.437,504.5918
2025-07-05 13:23:13.681,216.437,504.5918
2025-07-05 13:23:13.681,216.437,504.5918
2025-07-05 13:23:13.729,216.485,504.5918
2025-07-05 13:23:13.729,216.485,504.5918
2025-07-05 13:23:13.729,216.485,504.5918
2025-07-05 13:23:13.729,216.485,504.5918
2025-07-05 13:23:13.729,216.485,504.5918
2025-07-05 13:23:13.729,216.485,504.5918
2025-07-05 13:23:13.729,216.485,504.5918
2025-07-05 13:23:13.730,216.486,504.5918
2025-07-05 13:23:13.730,216.486,549.6922
2025-07-05 13:23:13.730,216.486,549.6922
2025-07-05 13:23:13.730,216.486,549.6922
2025-07-05 13:23:13.730,216.486,549.6922
2025-07-05 13:23:13.730,216.486,549.6922
2025-07-05 13:23:13.777,216.533,549.6922
2025-07-05 13:23:13.777,216.533,549.6922
2025-07-05 13:23:13.778,216.534,549.6922
2025-07-05 13:23:13.824,216.58,549.6922
2025-07-05 13:23:13.825,216.581,549.6922
2025-07-05 13:23:13.872,216.628,549.6922
2025-07-05 13:23:13.872,216.628,549.6922
2025-07-05 13:23:13.872,216.628,549.6922
2025-07-05 13:23:13.872,216.628,549.6922
2025-07-05 13:23:13.920,216.675,549.6922
2025-07-05 13:23:13.920,216.675,549.6922
2025-07-05 13:23:13.920,216.675,549.6922
2025-07-05 13:23:13.920,216.675,549.6922
2025-07-05 13:23:13.920,216.675,549.6922
2025-07-05 13:23:13.920,216.675,549.6922
2025-07-05 13:23:13.921,216.677,549.6922
2025-07-05 13:23:13.921,216.677,549.6922
2025-07-05 13:23:13.950,216.706,549.6922
2025-07-05 13:23:13.950,216.706,549.6922
2025-07-05 13:23:13.950,216.706,549.6922
2025-07-05 13:23:13.950,216.706,549.6922
2025-07-05 13:23:13.950,216.706,549.6922
2025-07-05 13:23:13.952,216.707,549.6922
2025-07-05 13:23:13.952,216.707,549.6922
2025-07-05 13:23:13.952,216.707,549.6922
2025-07-05 13:23:13.952,216.707,549.6922
2025-07-05 13:23:13.952,216.707,549.6922
2025-07-05 13:23:13.952,216.707,549.6922
2025-07-05 13:23:13.952,216.707,549.6922
2025-07-05 13:23:13.952,216.707,549.6922
2025-07-05 13:23:13.952,216.707,549.6922
2025-07-05 13:23:14.013,216.769,549.6922
2025-07-05 13:23:14.107,216.863,549.6922
2025-07-05 13:23:14.107,216.863,549.6922
2025-07-05 13:23:14.107,216.863,549.6922
2025-07-05 13:23:14.107,216.863,549.6922
2025-07-05 13:23:14.108,216.864,549.6922
2025-07-05 13:23:14.108,216.864,549.6922
2025-07-05 13:23:14.108,216.864,549.6922
2025-07-05 13:23:14.108,216.864,549.6922
2025-07-05 13:23:14.108,216.864,549.6922
2025-07-05 13:23:14.108,216.864,549.6922
2025-07-05 13:23:14.154,216.91,549.6922
2025-07-05 13:23:14.154,216.91,549.6922
2025-07-05 13:23:14.154,216.91,549.6922
2025-07-05 13:23:14.156,216.911,549.6922
2025-07-05 13:23:14.156,216.911,549.6922
2025-07-05 13:23:14.156,216.911,549.6922
2025-07-05 13:23:14.156,216.911,549.6922
2025-07-05 13:23:14.156,216.911,549.6922
2025-07-05 13:23:14.156,216.911,755.6865
2025-07-05 13:23:14.201,216.957,755.6865
2025-07-05 13:23:14.201,216.957,755.6865
2025-07-05 13:23:14.248,217.004,755.6865
2025-07-05 13:23:14.248,217.004,755.6865
2025-07-05 13:23:14.248,217.004,755.6865
2025-07-05 13:23:14.248,217.004,755.6865
2025-07-05 13:23:14.294,217.05,755.6865
2025-07-05 13:23:14.294,217.05,755.6865
2025-07-05 13:23:14.294,217.05,755.6865
2025-07-05 13:23:14.294,217.05,755.6865
2025-07-05 13:23:14.342,217.097,755.6865
2025-07-05 13:23:14.342,217.097,755.6865
2025-07-05 13:23:14.343,217.099,755.6865
2025-07-05 13:23:14.343,217.099,755.6865
2025-07-05 13:23:14.344,217.1,755.6865
2025-07-05 13:23:14.344,217.1,755.6865
2025-07-05 13:23:14.344,217.1,755.6865
2025-07-05 13:23:14.344,217.1,755.6865
2025-07-05 13:23:14.349,217.104,755.6865
2025-07-05 13:23:14.389,217.144,755.6865
2025-07-05 13:23:14.389,217.144,755.6865
2025-07-05 13:23:14.389,217.144,755.6865
2025-07-05 13:23:14.389,217.144,755.6865
2025-07-05 13:23:14.389,217.144,755.6865
2025-07-05 13:23:14.389,217.144,755.6865
2025-07-05 13:23:14.437,217.193,755.6865
2025-07-05 13:23:14.437,217.193,755.6865
2025-07-05 13:23:14.484,217.239,755.6865
2025-07-05 13:23:14.485,217.24,755.6865
2025-07-05 13:23:14.485,217.24,755.6865
2025-07-05 13:23:14.530,217.286,755.6865
2025-07-05 13:23:14.530,217.286,755.6865
2025-07-05 13:23:14.530,217.286,755.6865
2025-07-05 13:23:14.531,217.287,755.6865
2025-07-05 13:23:14.531,217.287,755.6865
2025-07-05 13:23:14.531,217.287,755.6865
2025-07-05 13:23:14.531,217.287,755.6865
2025-07-05 13:23:14.531,217.287,755.6865
2025-07-05 13:23:14.533,217.288,755.6865
2025-07-05 13:23:14.533,217.288,755.6865
2025-07-05 13:23:14.533,217.288,755.6865
2025-07-05 13:23:14.578,217.333,755.6865
2025-07-05 13:23:14.578,217.333,755.6865
2025-07-05 13:23:14.578,217.333,755.6865
2025-07-05 13:23:14.578,217.333,755.6865
2025-07-05 13:23:14.578,217.333,755.6865
2025-07-05 13:23:14.578,217.333,924.129
2025-07-05 13:23:14.624,217.379,924.129
2025-07-05 13:23:14.624,217.379,924.129
2025-07-05 13:23:14.624,217.379,924.129
2025-07-05 13:23:14.624,217.379,924.129
2025-07-05 13:23:14.625,217.38,924.129
2025-07-05 13:23:14.671,217.427,924.129
2025-07-05 13:23:14.719,217.475,924.129
2025-07-05 13:23:14.719,217.475,924.129
2025-07-05 13:23:14.719,217.475,924.129
2025-07-05 13:23:14.719,217.475,924.129
2025-07-05 13:23:14.767,217.522,924.129
2025-07-05 13:23:14.767,217.522,924.129
2025-07-05 13:23:14.767,217.522,924.129
2025-07-05 13:23:14.767,217.522,924.129
2025-07-05 13:23:14.768,217.523,924.129
2025-07-05 13:23:14.768,217.523,924.129
2025-07-05 13:23:14.768,217.523,924.129
2025-07-05 13:23:14.768,217.523,924.129
2025-07-05 13:23:14.768,217.523,924.129
2025-07-05 13:23:14.768,217.523,924.129
2025-07-05 13:23:14.768,217.523,924.129
2025-07-05 13:23:14.768,217.523,924.129
2025-07-05 13:23:14.768,217.523,924.129
2025-07-05 13:23:14.814,217.57,924.129
2025-07-05 13:23:14.861,217.617,924.129
2025-07-05 13:23:14.861,217.617,924.129
2025-07-05 13:23:14.862,217.618,924.129
2025-07-05 13:23:14.908,217.663,924.129
2025-07-05 13:23:14.909,217.664,924.129
2025-07-05 13:23:14.909,217.664,924.129
2025-07-05 13:23:14.909,217.664,924.129
2025-07-05 13:23:14.910,217.665,924.129
2025-07-05 13:23:14.910,217.665,924.129
2025-07-05 13:23:14.910,217.665,924.129
2025-07-05 13:23:14.955,217.71,924.129
2025-07-05 13:23:14.955,217.71,924.129
2025-07-05 13:23:14.956,217.711,924.129
2025-07-05 13:23:14.956,217.711,924.129
2025-07-05 13:23:14.956,217.711,924.129
2025-07-05 13:23:14.956,217.711,924.129
2025-07-05 13:23:14.956,217.711,924.129
2025-07-05 13:23:14.956,217.711,924.129
2025-07-05 13:23:14.957,217.712,924.129
2025-07-05 13:23:14.957,217.712,924.129
2025-07-05 13:23:15.001,217.757,924.129
2025-07-05 13:23:15.001,217.757,924.129
2025-07-05 13:23:15.001,217.757,924.129
2025-07-05 13:23:15.001,217.757,924.129
2025-07-05 13:23:15.001,217.757,924.129
2025-07-05 13:23:15.001,217.757,941.7969
2025-07-05 13:23:15.002,217.758,941.7969
2025-07-05 13:23:15.002,217.758,941.7969
2025-07-05 13:23:15.002,217.758,941.7969
2025-07-05 13:23:15.049,217.804,941.7969
2025-07-05 13:23:15.095,217.851,941.7969
2025-07-05 13:23:15.096,217.852,941.7969
2025-07-05 13:23:15.143,217.898,941.7969
2025-07-05 13:23:15.143,217.899,941.7969
2025-07-05 13:23:15.143,217.899,941.7969
2025-07-05 13:23:15.143,217.899,941.7969
2025-07-05 13:23:15.143,217.899,941.7969
2025-07-05 13:23:15.144,217.9,941.7969
2025-07-05 13:23:15.144,217.9,941.7969
2025-07-05 13:23:15.144,217.9,941.7969
2025-07-05 13:23:15.190,217.945,941.7969
2025-07-05 13:23:15.190,217.945,941.7969
2025-07-05 13:23:15.190,217.945,941.7969
2025-07-05 13:23:15.190,217.945,941.7969
2025-07-05 13:23:15.191,217.946,941.7969
2025-07-05 13:23:15.191,217.946,941.7969
2025-07-05 13:23:15.191,217.946,941.7969
2025-07-05 13:23:15.191,217.946,941.7969
2025-07-05 13:23:15.191,217.946,941.7969
2025-07-05 13:23:15.235,217.991,941.7969
2025-07-05 13:23:15.283,218.039,941.7969
2025-07-05 13:23:15.283,218.039,941.7969
2025-07-05 13:23:15.284,218.04,941.7969
2025-07-05 13:23:15.284,218.04,941.7969
2025-07-05 13:23:15.284,218.04,941.7969
2025-07-05 13:23:15.329,218.085,941.7969
2025-07-05 13:23:15.375,218.131,941.7969
2025-07-05 13:23:15.375,218.131,941.7969
2025-07-05 13:23:15.375,218.131,941.7969
2025-07-05 13:23:15.375,218.131,941.7969
2025-07-05 13:23:15.377,218.132,941.7969
2025-07-05 13:23:15.377,218.132,941.7969
2025-07-05 13:23:15.377,218.132,941.7969
2025-07-05 13:23:15.377,218.132,941.7969
2025-07-05 13:23:15.377,218.132,1140.901
2025-07-05 13:23:15.423,218.178,1140.901
2025-07-05 13:23:15.423,218.178,1140.901
2025-07-05 13:23:15.423,218.178,1140.901
2025-07-05 13:23:15.423,218.178,1140.901
2025-07-05 13:23:15.423,218.178,1140.901
2025-07-05 13:23:15.424,218.18,1140.901
2025-07-05 13:23:15.424,218.18,1140.901
2025-07-05 13:23:15.424,218.18,1140.901
2025-07-05 13:23:15.428,218.184,1140.901
2025-07-05 13:23:15.431,218.186,1140.901
2025-07-05 13:23:15.431,218.186,1140.901
2025-07-05 13:23:15.518,218.273,1140.901
2025-07-05 13:23:15.518,218.273,1140.901
2025-07-05 13:23:15.518,218.273,1140.901
2025-07-05 13:23:15.519,218.275,1140.901
2025-07-05 13:23:15.564,218.32,1140.901
2025-07-05 13:23:15.564,218.32,1140.901
2025-07-05 13:23:15.564,218.32,1140.901
2025-07-05 13:23:15.564,218.32,1140.901
2025-07-05 13:23:15.564,218.32,1140.901
2025-07-05 13:23:15.564,218.32,1140.901
2025-07-05 13:23:15.612,218.367,1140.901
2025-07-05 13:23:15.612,218.367,1140.901
2025-07-05 13:23:15.612,218.367,1140.901
2025-07-05 13:23:15.612,218.367,1140.901
2025-07-05 13:23:15.613,218.369,1140.901
2025-07-05 13:23:15.613,218.369,1140.901
2025-07-05 13:23:15.613,218.369,1140.901
2025-07-05 13:23:15.613,218.369,1140.901
2025-07-05 13:23:15.613,218.369,1140.901
2025-07-05 13:23:15.614,218.37,1140.901
2025-07-05 13:23:15.659,218.414,1140.901
2025-07-05 13:23:15.659,218.414,1140.901
2025-07-05 13:23:15.659,218.414,1140.901
2025-07-05 13:23:15.659,218.414,1140.901
2025-07-05 13:23:15.721,218.477,1140.901
2025-07-05 13:23:15.752,218.508,1140.901
2025-07-05 13:23:15.752,218.508,1140.901
2025-07-05 13:23:15.752,218.508,1140.901
2025-07-05 13:23:15.799,218.554,1140.901
2025-07-05 13:23:15.799,218.554,1140.901
2025-07-05 13:23:15.799,218.554,1140.901
2025-07-05 13:23:15.799,218.554,1140.901
2025-07-05 13:23:15.800,218.556,1140.901
2025-07-05 13:23:15.800,218.556,1140.901
2025-07-05 13:23:15.800,218.556,1140.901
2025-07-05 13:23:15.800,218.556,1140.901
2025-07-05 13:23:15.800,218.556,1140.901
2025-07-05 13:23:15.800,218.556,1027.116
2025-07-05 13:23:15.800,218.556,1027.116
2025-07-05 13:23:15.800,218.556,1027.116
2025-07-05 13:23:15.801,218.557,1027.116
2025-07-05 13:23:15.804,218.559,1027.116
2025-07-05 13:23:15.805,218.56,1027.116
2025-07-05 13:23:15.845,218.6,1027.116
2025-07-05 13:23:15.845,218.6,1027.116
2025-07-05 13:23:15.845,218.6,1027.116
2025-07-05 13:23:15.845,218.6,1027.116
2025-07-05 13:23:15.846,218.602,1027.116
2025-07-05 13:23:15.846,218.602,1027.116
2025-07-05 13:23:15.846,218.602,1027.116
2025-07-05 13:23:15.937,218.693,1027.116
2025-07-05 13:23:15.937,218.693,1027.116
2025-07-05 13:23:15.938,218.694,1027.116
2025-07-05 13:23:15.938,218.694,1027.116
2025-07-05 13:23:15.938,218.694,1027.116
2025-07-05 13:23:15.938,218.694,1027.116
2025-07-05 13:23:15.984,218.74,1027.116
2025-07-05 13:23:15.984,218.74,1027.116
2025-07-05 13:23:15.984,218.74,1027.116
2025-07-05 13:23:15.984,218.74,1027.116
2025-07-05 13:23:15.985,218.741,1027.116
2025-07-05 13:23:15.985,218.741,1027.116
2025-07-05 13:23:15.985,218.741,1027.116
2025-07-05 13:23:15.985,218.741,1027.116
2025-07-05 13:23:16.031,218.787,1027.116
2025-07-05 13:23:16.031,218.787,1027.116
2025-07-05 13:23:16.031,218.787,1027.116
2025-07-05 13:23:16.031,218.787,1027.116
2025-07-05 13:23:16.031,218.787,1027.116
2025-07-05 13:23:16.031,218.787,1027.116
2025-07-05 13:23:16.077,218.833,1027.116
2025-07-05 13:23:16.078,218.834,1027.116
2025-07-05 13:23:16.078,218.834,1027.116
2025-07-05 13:23:16.078,218.834,1027.116
2025-07-05 13:23:16.141,218.897,1027.116
2025-07-05 13:23:16.202,218.957,1027.116
2025-07-05 13:23:16.218,218.973,1027.116
2025-07-05 13:23:16.218,218.973,1027.116
2025-07-05 13:23:16.218,218.973,1027.116
2025-07-05 13:23:16.218,218.973,1027.116
2025-07-05 13:23:16.219,218.974,1027.116
2025-07-05 13:23:16.219,218.974,1027.116
2025-07-05 13:23:16.219,218.974,1027.116
2025-07-05 13:23:16.219,218.974,1027.116
2025-07-05 13:23:16.219,218.974,1027.116
2025-07-05 13:23:16.220,218.976,1027.116
2025-07-05 13:23:16.220,218.976,1027.116
2025-07-05 13:23:16.220,218.976,1027.116
2025-07-05 13:23:16.220,218.976,1027.116
2025-07-05 13:23:16.233,218.989,1027.116
2025-07-05 13:23:16.249,219.005,1027.116
2025-07-05 13:23:16.249,219.005,1027.116
2025-07-05 13:23:16.249,219.005,1027.116
2025-07-05 13:23:16.249,219.005,1388.31
2025-07-05 13:23:16.296,219.052,1388.31
2025-07-05 13:23:16.296,219.052,1388.31
2025-07-05 13:23:16.296,219.052,1388.31
2025-07-05 13:23:16.296,219.052,1388.31
2025-07-05 13:23:16.298,219.053,1388.31
2025-07-05 13:23:16.343,219.098,1388.31
2025-07-05 13:23:16.390,219.145,1388.31
2025-07-05 13:23:16.390,219.145,1388.31
2025-07-05 13:23:16.390,219.145,1388.31
2025-07-05 13:23:16.390,219.145,1388.31
2025-07-05 13:23:16.390,219.145,1388.31
2025-07-05 13:23:16.391,219.147,1388.31
2025-07-05 13:23:16.391,219.147,1388.31
2025-07-05 13:23:16.391,219.147,1388.31
2025-07-05 13:23:16.433,219.188,1388.31
2025-07-05 13:23:16.438,219.194,1388.31
2025-07-05 13:23:16.440,219.196,1388.31
2025-07-05 13:23:16.440,219.196,1388.31
2025-07-05 13:23:16.440,219.196,1388.31
2025-07-05 13:23:16.440,219.196,1388.31
2025-07-05 13:23:16.440,219.196,1388.31
2025-07-05 13:23:16.440,219.196,1388.31
2025-07-05 13:23:16.440,219.196,1388.31
2025-07-05 13:23:16.443,219.199,1388.31
2025-07-05 13:23:16.445,219.2,1388.31
2025-07-05 13:23:16.515,219.27,1388.31
2025-07-05 13:23:16.515,219.27,1388.31
2025-07-05 13:23:16.561,219.317,1388.31
2025-07-05 13:23:16.561,219.317,1388.31
2025-07-05 13:23:16.561,219.317,1388.31
2025-07-05 13:23:16.561,219.317,1388.31
2025-07-05 13:23:16.562,219.318,1388.31
2025-07-05 13:23:16.562,219.318,1388.31
2025-07-05 13:23:16.609,219.365,1388.31
2025-07-05 13:23:16.609,219.365,1388.31
2025-07-05 13:23:16.610,219.366,1388.31
2025-07-05 13:23:16.610,219.366,1388.31
2025-07-05 13:23:16.610,219.366,1388.31
2025-07-05 13:23:16.610,219.366,1388.31
2025-07-05 13:23:16.610,219.366,1388.31
2025-07-05 13:23:16.610,219.366,1388.31
2025-07-05 13:23:16.610,219.366,1388.31
2025-07-05 13:23:16.611,219.367,1388.31
2025-07-05 13:23:16.656,219.412,1388.31
2025-07-05 13:23:16.656,219.412,1388.31
2025-07-05 13:23:16.656,219.412,1388.31
2025-07-05 13:23:16.703,219.459,389.6812
2025-07-05 13:23:16.703,219.459,389.6812
2025-07-05 13:23:16.703,219.459,389.6812
2025-07-05 13:23:16.705,219.46,389.6812
2025-07-05 13:23:16.705,219.46,389.6812
2025-07-05 13:23:16.705,219.46,389.6812
2025-07-05 13:23:16.750,219.505,389.6812
2025-07-05 13:23:16.750,219.505,389.6812
2025-07-05 13:23:16.750,219.505,389.6812
2025-07-05 13:23:16.750,219.505,389.6812
2025-07-05 13:23:16.750,219.505,389.6812
2025-07-05 13:23:16.797,219.552,389.6812
2025-07-05 13:23:16.797,219.552,389.6812
2025-07-05 13:23:16.797,219.552,389.6812
2025-07-05 13:23:16.797,219.552,389.6812
2025-07-05 13:23:16.797,219.552,389.6812
2025-07-05 13:23:16.797,219.552,389.6812
2025-07-05 13:23:16.797,219.552,389.6812
2025-07-05 13:23:16.797,219.552,389.6812
2025-07-05 13:23:16.845,219.6,389.6812
2025-07-05 13:23:16.845,219.6,389.6812
2025-07-05 13:23:16.845,219.6,389.6812
2025-07-05 13:23:16.845,219.6,389.6812
2025-07-05 13:23:16.846,219.601,389.6812
2025-07-05 13:23:16.846,219.601,389.6812
2025-07-05 13:23:16.846,219.601,389.6812
2025-07-05 13:23:16.846,219.601,389.6812
2025-07-05 13:23:16.846,219.601,389.6812
2025-07-05 13:23:16.846,219.601,389.6812
2025-07-05 13:23:16.936,219.692,389.6812
2025-07-05 13:23:16.936,219.692,389.6812
2025-07-05 13:23:16.937,219.693,389.6812
2025-07-05 13:23:16.937,219.693,389.6812
2025-07-05 13:23:16.983,219.739,389.6812
2025-07-05 13:23:16.983,219.739,389.6812
2025-07-05 13:23:16.983,219.739,389.6812
2025-07-05 13:23:16.984,219.74,389.6812
2025-07-05 13:23:16.984,219.74,389.6812
2025-07-05 13:23:16.984,219.74,389.6812
2025-07-05 13:23:16.984,219.74,389.6812
2025-07-05 13:23:16.984,219.74,389.6812
2025-07-05 13:23:17.030,219.786,389.6812
2025-07-05 13:23:17.030,219.786,389.6812
2025-07-05 13:23:17.030,219.786,389.6812
2025-07-05 13:23:17.030,219.786,389.6812
2025-07-05 13:23:17.030,219.786,389.6812
2025-07-05 13:23:17.030,219.786,389.6812
2025-07-05 13:23:17.078,219.833,389.6812
2025-07-05 13:23:17.078,219.833,389.6812
2025-07-05 13:23:17.079,219.835,389.6812
2025-07-05 13:23:17.079,219.835,389.6812
2025-07-05 13:23:17.079,219.835,389.6812
2025-07-05 13:23:17.079,219.835,389.6812
2025-07-05 13:23:17.124,219.88,389.6812
2025-07-05 13:23:17.187,219.942,389.6812
2025-07-05 13:23:17.187,219.942,389.6812
2025-07-05 13:23:17.187,219.942,389.6812
2025-07-05 13:23:17.188,219.944,389.6812
2025-07-05 13:23:17.188,219.944,389.6812
2025-07-05 13:23:17.188,219.944,389.6812
2025-07-05 13:23:17.188,219.944,389.6812
2025-07-05 13:23:17.234,219.989,389.6812
2025-07-05 13:23:17.234,219.989,389.6812
2025-07-05 13:23:17.234,219.989,389.6812
2025-07-05 13:23:17.234,219.989,389.6812
2025-07-05 13:23:17.234,219.989,389.6812
2025-07-05 13:23:17.234,219.989,389.6812
2025-07-05 13:23:17.234,219.989,389.6812
2025-07-05 13:23:17.235,219.991,389.6812
2025-07-05 13:23:17.235,219.991,389.6812
2025-07-05 13:23:17.235,219.991,389.6812
2025-07-05 13:23:17.281,220.037,389.6812
2025-07-05 13:23:17.281,220.037,389.6812
2025-07-05 13:23:17.328,220.083,389.6812
2025-07-05 13:23:17.328,220.083,389.6812
2025-07-05 13:23:17.328,220.083,389.6812
2025-07-05 13:23:17.374,220.13,389.6812
2025-07-05 13:23:17.374,220.13,389.6812
2025-07-05 13:23:17.376,220.131,389.6812
2025-07-05 13:23:17.376,220.131,389.6812
2025-07-05 13:23:17.376,220.131,389.6812
2025-07-05 13:23:17.422,220.178,389.6812
2025-07-05 13:23:17.422,220.178,389.6812
2025-07-05 13:23:17.422,220.178,389.6812
2025-07-05 13:23:17.422,220.178,389.6812
2025-07-05 13:23:17.422,220.178,389.6812
2025-07-05 13:23:17.422,220.178,389.6812
2025-07-05 13:23:17.422,220.178,389.6812
2025-07-05 13:23:17.423,220.179,389.6812
2025-07-05 13:23:17.469,220.224,389.6812
2025-07-05 13:23:17.469,220.224,389.6812
2025-07-05 13:23:17.469,220.224,389.6812
2025-07-05 13:23:17.469,220.224,0
2025-07-05 13:23:17.469,220.224,0
2025-07-05 13:23:17.470,220.225,0
2025-07-05 13:23:17.470,220.225,0
2025-07-05 13:23:17.470,220.225,0
