datetime,weight_kg
2025-07-05 14:42:08,0
2025-07-05 14:42:08,0
2025-07-05 14:42:08,0
2025-07-05 14:42:08,0
2025-07-05 14:42:08,0
2025-07-05 14:42:08,0
2025-07-05 14:42:09,0
2025-07-05 14:42:09,0
2025-07-05 14:42:09,0
2025-07-05 14:42:09,0
2025-07-05 14:42:09,0
2025-07-05 14:42:09,0.88
2025-07-05 14:42:09,1.1
2025-07-05 14:42:09,1.1
2025-07-05 14:42:09,0.92
2025-07-05 14:42:10,0.9
2025-07-05 14:42:10,0.92
2025-07-05 14:42:10,1
2025-07-05 14:42:10,0.92
2025-07-05 14:42:10,0.9
2025-07-05 14:42:10,0.9
2025-07-05 14:42:10,0.9
2025-07-05 14:42:10,0.9
2025-07-05 14:42:10,0.9
2025-07-05 14:42:11,0.9
2025-07-05 14:42:11,0.9
2025-07-05 14:42:11,0.9
2025-07-05 14:42:11,0.9
2025-07-05 14:42:11,0.9
2025-07-05 14:42:11,0.9
2025-07-05 14:42:11,0.9
2025-07-05 14:42:11,0.92
2025-07-05 14:42:11,0.92
2025-07-05 14:42:12,0.92
2025-07-05 14:42:12,0.92
2025-07-05 14:42:12,0.92
2025-07-05 14:42:12,0.92
2025-07-05 14:42:12,0.92
2025-07-05 14:42:12,0.92
2025-07-05 14:42:12,0.92
2025-07-05 14:42:12,0.92
2025-07-05 14:42:12,1
2025-07-05 14:42:13,1
2025-07-05 14:42:13,1.02
2025-07-05 14:42:13,1.02
2025-07-05 14:42:13,1.02
2025-07-05 14:42:13,1.02
2025-07-05 14:42:13,1.02
2025-07-05 14:42:13,1.02
2025-07-05 14:42:13,1.02
2025-07-05 14:42:13,1.02
2025-07-05 14:42:13,1.02
2025-07-05 14:42:14,1.02
2025-07-05 14:42:14,1.02
2025-07-05 14:42:14,1.04
2025-07-05 14:42:14,1.04
2025-07-05 14:42:14,1.04
2025-07-05 14:42:14,1.04
2025-07-05 14:42:14,1.04
2025-07-05 14:42:14,1.04
2025-07-05 14:42:14,1.04
2025-07-05 14:42:15,1.04
2025-07-05 14:42:15,1.04
2025-07-05 14:42:15,1.06
2025-07-05 14:42:15,1.06
2025-07-05 14:42:15,1.06
2025-07-05 14:42:15,1.08
2025-07-05 14:42:15,1.08
2025-07-05 14:42:15,1.08
2025-07-05 14:42:15,1.08
2025-07-05 14:42:16,1.08
2025-07-05 14:42:16,1.08
2025-07-05 14:42:16,1.08
2025-07-05 14:42:16,1.08
2025-07-05 14:42:16,1.08
2025-07-05 14:42:16,1.16
2025-07-05 14:42:16,1.18
2025-07-05 14:42:16,1.18
2025-07-05 14:42:16,1.18
2025-07-05 14:42:17,1.2
2025-07-05 14:42:17,1.2
2025-07-05 14:42:17,1.2
2025-07-05 14:42:17,1.2
2025-07-05 14:42:17,1.2
2025-07-05 14:42:17,1.2
2025-07-05 14:42:17,1.22
2025-07-05 14:42:17,1.22
2025-07-05 14:42:17,1.22
2025-07-05 14:42:18,1.22
2025-07-05 14:42:18,1.22
2025-07-05 14:42:18,1.22
2025-07-05 14:42:18,1.24
2025-07-05 14:42:18,1.24
2025-07-05 14:42:18,1.24
2025-07-05 14:42:18,1.24
2025-07-05 14:42:18,1.24
2025-07-05 14:42:18,1.24
2025-07-05 14:42:19,1.26
2025-07-05 14:42:19,1.26
2025-07-05 14:42:19,1.26
2025-07-05 14:42:19,1.26
2025-07-05 14:42:19,1.26
2025-07-05 14:42:19,1.26
2025-07-05 14:42:19,1.26
2025-07-05 14:42:19,1.26
2025-07-05 14:42:19,1.26
2025-07-05 14:42:20,1.26
2025-07-05 14:42:20,1.34
2025-07-05 14:42:20,1.34
2025-07-05 14:42:20,1.34
2025-07-05 14:42:20,1.34
2025-07-05 14:42:20,1.34
2025-07-05 14:42:20,1.34
2025-07-05 14:42:20,1.36
2025-07-05 14:42:20,1.36
2025-07-05 14:42:21,1.36
2025-07-05 14:42:21,1.36
2025-07-05 14:42:21,1.36
2025-07-05 14:42:21,1.36
2025-07-05 14:42:21,1.36
2025-07-05 14:42:21,1.36
2025-07-05 14:42:21,1.36
2025-07-05 14:42:21,1.36
2025-07-05 14:42:21,1.36
2025-07-05 14:42:22,1.36
2025-07-05 14:42:22,1.36
2025-07-05 14:42:22,1.36
2025-07-05 14:42:22,1.36
2025-07-05 14:42:22,1.36
2025-07-05 14:42:22,1.36
2025-07-05 14:42:22,1.36
2025-07-05 14:42:22,1.36
2025-07-05 14:42:22,1.36
2025-07-05 14:42:23,1.36
2025-07-05 14:42:23,1.36
2025-07-05 14:42:23,1.36
2025-07-05 14:42:23,1.36
2025-07-05 14:42:23,1.38
2025-07-05 14:42:23,1.38
2025-07-05 14:42:23,1.38
2025-07-05 14:42:23,1.38
2025-07-05 14:42:23,1.38
2025-07-05 14:42:23,1.38
2025-07-05 14:42:24,1.38
2025-07-05 14:42:24,1.38
2025-07-05 14:42:24,1.38
2025-07-05 14:42:24,1.38
2025-07-05 14:42:24,1.38
2025-07-05 14:42:24,1.38
2025-07-05 14:42:24,1.38
2025-07-05 14:42:24,1.38
2025-07-05 14:42:24,1.38
2025-07-05 14:42:25,1.4
2025-07-05 14:42:25,1.4
2025-07-05 14:42:25,1.4
2025-07-05 14:42:25,1.4
2025-07-05 14:42:25,1.4
2025-07-05 14:42:25,1.4
2025-07-05 14:42:25,1.4
2025-07-05 14:42:25,1.4
2025-07-05 14:42:25,1.4
2025-07-05 14:42:26,1.4
2025-07-05 14:42:26,1.4
2025-07-05 14:42:26,1.4
2025-07-05 14:42:26,1.42
2025-07-05 14:42:26,1.42
2025-07-05 14:42:26,1.42
2025-07-05 14:42:26,1.42
2025-07-05 14:42:26,1.42
2025-07-05 14:42:26,1.42
2025-07-05 14:42:27,1.42
2025-07-05 14:42:27,1.42
2025-07-05 14:42:27,1.42
2025-07-05 14:42:27,1.42
2025-07-05 14:42:27,1.42
2025-07-05 14:42:27,1.42
2025-07-05 14:42:27,1.42
2025-07-05 14:42:27,1.42
2025-07-05 14:42:27,1.42
2025-07-05 14:42:28,1.44
2025-07-05 14:42:28,1.44
2025-07-05 14:42:28,1.44
2025-07-05 14:42:28,1.44
2025-07-05 14:42:28,1.44
2025-07-05 14:42:28,1.44
2025-07-05 14:42:28,1.44
2025-07-05 14:42:28,1.44
2025-07-05 14:42:28,1.44
2025-07-05 14:42:29,1.44
2025-07-05 14:42:29,1.44
2025-07-05 14:42:29,1.44
2025-07-05 14:42:29,1.44
2025-07-05 14:42:29,1.44
2025-07-05 14:42:29,1.44
2025-07-05 14:42:29,1.46
2025-07-05 14:42:29,1.46
2025-07-05 14:42:29,1.46
2025-07-05 14:42:30,1.46
2025-07-05 14:42:30,1.46
2025-07-05 14:42:30,1.46
2025-07-05 14:42:30,1.46
2025-07-05 14:42:30,1.46
2025-07-05 14:42:30,1.46
2025-07-05 14:42:30,1.46
2025-07-05 14:42:30,1.46
2025-07-05 14:42:30,1.46
2025-07-05 14:42:31,1.46
2025-07-05 14:42:31,1.46
2025-07-05 14:42:31,1.46
2025-07-05 14:42:31,1.46
2025-07-05 14:42:31,1.46
2025-07-05 14:42:31,1.46
2025-07-05 14:42:31,1.46
2025-07-05 14:42:31,1.46
2025-07-05 14:42:31,1.46
2025-07-05 14:42:31,1.46
2025-07-05 14:42:32,1.46
2025-07-05 14:42:32,1.46
2025-07-05 14:42:32,1.46
2025-07-05 14:42:32,1.46
2025-07-05 14:42:32,1.46
2025-07-05 14:42:32,1.46
2025-07-05 14:42:32,1.46
2025-07-05 14:42:32,1.46
2025-07-05 14:42:32,1.46
2025-07-05 14:42:33,1.46
2025-07-05 14:42:33,1.46
2025-07-05 14:42:33,1.46
2025-07-05 14:42:33,1.46
2025-07-05 14:42:33,1.46
2025-07-05 14:42:33,1.46
2025-07-05 14:42:33,1.46
2025-07-05 14:42:33,1.46
2025-07-05 14:42:33,1.46
2025-07-05 14:42:34,1.46
2025-07-05 14:42:34,1.46
2025-07-05 14:42:34,1.46
2025-07-05 14:42:34,1.46
2025-07-05 14:42:34,1.46
2025-07-05 14:42:34,1.46
2025-07-05 14:42:34,1.46
2025-07-05 14:42:34,1.46
2025-07-05 14:42:34,1.46
2025-07-05 14:42:35,1.46
2025-07-05 14:42:35,1.46
2025-07-05 14:42:35,1.46
2025-07-05 14:42:35,1.46
2025-07-05 14:42:35,1.46
2025-07-05 14:42:35,1.46
2025-07-05 14:42:35,1.46
2025-07-05 14:42:35,1.46
2025-07-05 14:42:35,1.46
2025-07-05 14:42:36,1.46
2025-07-05 14:42:36,1.46
2025-07-05 14:42:36,1.46
2025-07-05 14:42:36,1.46
2025-07-05 14:42:36,1.48
2025-07-05 14:42:36,1.48
2025-07-05 14:42:36,1.48
2025-07-05 14:42:36,1.48
2025-07-05 14:42:36,1.48
2025-07-05 14:42:37,1.48
2025-07-05 14:42:37,1.48
2025-07-05 14:42:37,1.48
2025-07-05 14:42:37,1.48
2025-07-05 14:42:37,1.48
2025-07-05 14:42:37,1.48
2025-07-05 14:42:37,1.48
2025-07-05 14:42:37,1.48
2025-07-05 14:42:37,1.48
2025-07-05 14:42:38,1.48
2025-07-05 14:42:38,1.48
2025-07-05 14:42:38,1.48
2025-07-05 14:42:38,1.48
2025-07-05 14:42:38,1.48
2025-07-05 14:42:38,1.48
2025-07-05 14:42:38,1.48
2025-07-05 14:42:38,1.48
2025-07-05 14:42:38,1.46
2025-07-05 14:42:39,1.46
2025-07-05 14:42:39,1.46
2025-07-05 14:42:39,1.46
2025-07-05 14:42:39,1.46
2025-07-05 14:42:39,1.46
2025-07-05 14:42:39,1.46
2025-07-05 14:42:39,1.46
2025-07-05 14:42:39,1.46
2025-07-05 14:42:39,1.46
2025-07-05 14:42:39,1.46
2025-07-05 14:42:40,1.46
2025-07-05 14:42:40,1.46
2025-07-05 14:42:40,1.46
2025-07-05 14:42:40,1.46
2025-07-05 14:42:40,1.46
2025-07-05 14:42:40,1.46
2025-07-05 14:42:40,1.46
2025-07-05 14:42:40,1.46
2025-07-05 14:42:40,1.46
2025-07-05 14:42:41,1.46
2025-07-05 14:42:41,1.46
2025-07-05 14:42:41,1.46
2025-07-05 14:42:41,1.46
2025-07-05 14:42:41,1.46
2025-07-05 14:42:41,1.46
2025-07-05 14:42:41,1.46
2025-07-05 14:42:41,1.46
2025-07-05 14:42:41,1.46
2025-07-05 14:42:42,1.46
2025-07-05 14:42:42,1.46
2025-07-05 14:42:42,1.46
2025-07-05 14:42:42,1.46
2025-07-05 14:42:42,1.46
2025-07-05 14:42:42,1.46
2025-07-05 14:42:42,1.46
2025-07-05 14:42:42,1.46
2025-07-05 14:42:42,1.46
2025-07-05 14:42:43,1.46
2025-07-05 14:42:43,1.46
2025-07-05 14:42:43,1.46
2025-07-05 14:42:43,1.46
2025-07-05 14:42:43,1.46
2025-07-05 14:42:43,1.46
2025-07-05 14:42:43,1.46
2025-07-05 14:42:43,1.46
2025-07-05 14:42:43,1.46
2025-07-05 14:42:44,1.46
2025-07-05 14:42:44,1.46
2025-07-05 14:42:44,1.46
2025-07-05 14:42:44,1.46
2025-07-05 14:42:44,1.46
2025-07-05 14:42:44,1.46
2025-07-05 14:42:44,1.46
2025-07-05 14:42:44,1.46
2025-07-05 14:42:44,1.46
2025-07-05 14:42:45,1.46
2025-07-05 14:42:45,1.46
2025-07-05 14:42:45,1.46
2025-07-05 14:42:45,1.46
2025-07-05 14:42:45,1.46
2025-07-05 14:42:45,1.46
2025-07-05 14:42:45,1.46
2025-07-05 14:42:45,1.46
2025-07-05 14:42:45,1.46
2025-07-05 14:42:46,1.46
2025-07-05 14:42:46,1.46
2025-07-05 14:42:46,1.46
2025-07-05 14:42:46,1.46
2025-07-05 14:42:46,1.46
2025-07-05 14:42:46,1.46
2025-07-05 14:42:46,1.46
2025-07-05 14:42:46,1.46
2025-07-05 14:42:46,1.46
2025-07-05 14:42:47,1.46
2025-07-05 14:42:47,1.46
2025-07-05 14:42:47,1.46
2025-07-05 14:42:47,1.46
2025-07-05 14:42:47,1.46
2025-07-05 14:42:47,1.46
2025-07-05 14:42:47,1.46
2025-07-05 14:42:47,1.46
2025-07-05 14:42:47,1.46
2025-07-05 14:42:47,1.46
2025-07-05 14:42:48,1.46
2025-07-05 14:42:48,1.46
2025-07-05 14:42:48,1.46
2025-07-05 14:42:48,1.46
2025-07-05 14:42:48,1.46
2025-07-05 14:42:48,1.46
2025-07-05 14:42:48,1.46
2025-07-05 14:42:48,1.46
2025-07-05 14:42:48,1.46
2025-07-05 14:42:49,1.46
2025-07-05 14:42:49,1.46
2025-07-05 14:42:49,1.46
2025-07-05 14:42:49,1.46
2025-07-05 14:42:49,1.46
2025-07-05 14:42:49,1.46
2025-07-05 14:42:49,1.48
2025-07-05 14:42:49,1.48
2025-07-05 14:42:49,1.48
2025-07-05 14:42:50,1.48
2025-07-05 14:42:50,1.48
2025-07-05 14:42:50,1.48
2025-07-05 14:42:50,1.48
2025-07-05 14:42:50,1.48
2025-07-05 14:42:50,1.48
2025-07-05 14:42:50,1.48
2025-07-05 14:42:50,1.48
2025-07-05 14:42:50,1.48
2025-07-05 14:42:51,1.48
2025-07-05 14:42:51,1.48
2025-07-05 14:42:51,1.48
2025-07-05 14:42:51,1.48
2025-07-05 14:42:51,1.48
2025-07-05 14:42:51,1.48
2025-07-05 14:42:51,1.48
2025-07-05 14:42:51,1.48
2025-07-05 14:42:51,1.48
2025-07-05 14:42:52,1.48
2025-07-05 14:42:52,1.48
2025-07-05 14:42:52,1.48
2025-07-05 14:42:52,1.48
2025-07-05 14:42:52,1.48
2025-07-05 14:42:52,1.48
2025-07-05 14:42:52,1.48
2025-07-05 14:42:52,1.48
2025-07-05 14:42:52,1.48
2025-07-05 14:42:53,1.48
2025-07-05 14:42:53,1.48
2025-07-05 14:42:53,1.48
2025-07-05 14:42:53,1.48
2025-07-05 14:42:53,1.48
2025-07-05 14:42:53,1.48
2025-07-05 14:42:53,1.48
2025-07-05 14:42:53,1.48
2025-07-05 14:42:53,1.48
2025-07-05 14:42:54,1.48
2025-07-05 14:42:54,1.48
2025-07-05 14:42:54,1.48
2025-07-05 14:42:54,1.48
2025-07-05 14:42:54,1.48
2025-07-05 14:42:54,1.48
2025-07-05 14:42:54,1.48
2025-07-05 14:42:54,1.48
2025-07-05 14:42:54,1.48
2025-07-05 14:42:55,1.48
2025-07-05 14:42:55,1.48
2025-07-05 14:42:55,1.48
2025-07-05 14:42:55,1.48
2025-07-05 14:42:55,1.48
2025-07-05 14:42:55,1.48
2025-07-05 14:42:55,1.48
2025-07-05 14:42:55,1.48
2025-07-05 14:42:55,1.48
2025-07-05 14:42:56,1.48
2025-07-05 14:42:56,1.48
2025-07-05 14:42:56,1.48
2025-07-05 14:42:56,1.48
2025-07-05 14:42:56,1.48
2025-07-05 14:42:56,1.48
2025-07-05 14:42:56,1.48
2025-07-05 14:42:56,1.48
2025-07-05 14:42:56,1.48
2025-07-05 14:42:56,1.48
2025-07-05 14:42:57,1.48
2025-07-05 14:42:57,1.48
2025-07-05 14:42:57,1.48
2025-07-05 14:42:57,1.48
2025-07-05 14:42:57,1.48
2025-07-05 14:42:57,1.48
2025-07-05 14:42:57,1.48
2025-07-05 14:42:57,1.48
2025-07-05 14:42:57,1.48
2025-07-05 14:42:58,1.48
2025-07-05 14:42:58,1.48
2025-07-05 14:42:58,1.48
2025-07-05 14:42:58,1.48
2025-07-05 14:42:58,1.48
2025-07-05 14:42:58,1.48
2025-07-05 14:42:58,2.06
2025-07-05 14:42:58,2.18
2025-07-05 14:42:58,2.38
2025-07-05 14:42:59,2.5
2025-07-05 14:42:59,2.62
2025-07-05 14:42:59,2.84
2025-07-05 14:42:59,2.94
2025-07-05 14:42:59,3.16
2025-07-05 14:42:59,3.24
2025-07-05 14:42:59,3.36
2025-07-05 14:42:59,3.58
2025-07-05 14:42:59,3.7
2025-07-05 14:43:00,3.92
2025-07-05 14:43:00,4
2025-07-05 14:43:00,4.14
2025-07-05 14:43:00,4.34
2025-07-05 14:43:00,4.46
2025-07-05 14:43:00,4.56
2025-07-05 14:43:00,4.76
2025-07-05 14:43:00,4.86
2025-07-05 14:43:00,4.96
2025-07-05 14:43:01,5.18
2025-07-05 14:43:01,5.3
2025-07-05 14:43:01,5.48
2025-07-05 14:43:01,5.6
2025-07-05 14:43:01,5.7
2025-07-05 14:43:01,5.94
2025-07-05 14:43:01,6.02
2025-07-05 14:43:01,6.1
2025-07-05 14:43:01,6.34
2025-07-05 14:43:02,6.44
2025-07-05 14:43:02,6.72
2025-07-05 14:43:02,6.92
2025-07-05 14:43:02,7
2025-07-05 14:43:02,6.8
2025-07-05 14:43:02,6.72
2025-07-05 14:43:02,6.8
2025-07-05 14:43:02,6.88
2025-07-05 14:43:02,6.76
2025-07-05 14:43:03,6.76
2025-07-05 14:43:03,6.76
2025-07-05 14:43:03,6.76
2025-07-05 14:43:03,6.74
2025-07-05 14:43:03,6.74
2025-07-05 14:43:03,6.74
2025-07-05 14:43:03,6.74
2025-07-05 14:43:03,6.74
2025-07-05 14:43:03,6.74
2025-07-05 14:43:04,6.74
2025-07-05 14:43:04,6.74
2025-07-05 14:43:04,6.74
2025-07-05 14:43:04,6.74
2025-07-05 14:43:04,6.74
2025-07-05 14:43:04,6.74
2025-07-05 14:43:04,6.74
2025-07-05 14:43:04,6.74
2025-07-05 14:43:04,6.74
2025-07-05 14:43:05,6.74
2025-07-05 14:43:05,6.74
2025-07-05 14:43:05,6.74
2025-07-05 14:43:05,6.74
2025-07-05 14:43:05,6.74
2025-07-05 14:43:05,6.74
2025-07-05 14:43:05,6.74
2025-07-05 14:43:05,6.74
2025-07-05 14:43:05,6.74
2025-07-05 14:43:05,6.76
2025-07-05 14:43:06,6.76
2025-07-05 14:43:06,6.76
2025-07-05 14:43:06,6.76
2025-07-05 14:43:06,6.76
2025-07-05 14:43:06,6.76
2025-07-05 14:43:06,6.76
2025-07-05 14:43:06,6.76
2025-07-05 14:43:06,6.76
2025-07-05 14:43:06,6.76
2025-07-05 14:43:07,6.76
2025-07-05 14:43:07,6.76
2025-07-05 14:43:07,6.86
2025-07-05 14:43:07,6.86
2025-07-05 14:43:07,6.86
2025-07-05 14:43:07,6.88
2025-07-05 14:43:07,6.88
2025-07-05 14:43:07,6.88
2025-07-05 14:43:07,6.88
2025-07-05 14:43:08,6.88
2025-07-05 14:43:08,6.88
2025-07-05 14:43:08,6.88
2025-07-05 14:43:08,6.88
2025-07-05 14:43:08,6.88
2025-07-05 14:43:08,6.88
2025-07-05 14:43:08,6.88
2025-07-05 14:43:08,6.88
2025-07-05 14:43:08,7.12
2025-07-05 14:43:09,7.02
2025-07-05 14:43:09,7.02
2025-07-05 14:43:09,7.02
2025-07-05 14:43:09,6.78
2025-07-05 14:43:09,6.84
2025-07-05 14:43:09,7.82
2025-07-05 14:43:09,7.38
2025-07-05 14:43:09,7.02
2025-07-05 14:43:09,7.02
2025-07-05 14:43:10,7.02
2025-07-05 14:43:10,7.02
2025-07-05 14:43:10,7.02
2025-07-05 14:43:10,7.02
2025-07-05 14:43:10,7.02
2025-07-05 14:43:10,7.02
2025-07-05 14:43:10,7.02
2025-07-05 14:43:10,7.02
2025-07-05 14:43:10,7.04
2025-07-05 14:43:11,7.04
2025-07-05 14:43:11,7.04
2025-07-05 14:43:11,7.04
2025-07-05 14:43:11,7.04
2025-07-05 14:43:11,7.04
2025-07-05 14:43:11,7.04
2025-07-05 14:43:11,7.04
2025-07-05 14:43:11,7.04
2025-07-05 14:43:11,7.04
2025-07-05 14:43:12,7.04
2025-07-05 14:43:12,7.04
2025-07-05 14:43:12,7.06
2025-07-05 14:43:12,7.08
2025-07-05 14:43:12,7.08
2025-07-05 14:43:12,7.08
2025-07-05 14:43:12,7.08
2025-07-05 14:43:12,7.08
2025-07-05 14:43:12,7.08
2025-07-05 14:43:13,7.08
2025-07-05 14:43:13,7.08
2025-07-05 14:43:13,7.1
2025-07-05 14:43:13,7.1
2025-07-05 14:43:13,7.1
2025-07-05 14:43:13,7.1
2025-07-05 14:43:13,7.1
2025-07-05 14:43:13,7.1
2025-07-05 14:43:13,7.1
2025-07-05 14:43:14,7.1
2025-07-05 14:43:14,7.1
2025-07-05 14:43:14,7.1
2025-07-05 14:43:14,7.1
2025-07-05 14:43:14,7.1
2025-07-05 14:43:14,7.12
2025-07-05 14:43:14,7.12
2025-07-05 14:43:14,7.12
2025-07-05 14:43:14,7.14
2025-07-05 14:43:14,7.14
2025-07-05 14:43:15,7.14
2025-07-05 14:43:15,7.14
2025-07-05 14:43:15,7.14
2025-07-05 14:43:15,7.14
2025-07-05 14:43:15,7.14
2025-07-05 14:43:15,7.14
2025-07-05 14:43:15,7.14
2025-07-05 14:43:15,7.14
2025-07-05 14:43:15,7.16
2025-07-05 14:43:16,7.16
2025-07-05 14:43:16,7.16
2025-07-05 14:43:16,7.16
2025-07-05 14:43:16,7.16
2025-07-05 14:43:16,7.16
2025-07-05 14:43:16,7.16
2025-07-05 14:43:16,7.16
2025-07-05 14:43:16,7.16
2025-07-05 14:43:16,7.16
2025-07-05 14:43:17,7.16
2025-07-05 14:43:17,7.16
2025-07-05 14:43:17,7.16
2025-07-05 14:43:17,7.16
2025-07-05 14:43:17,7.16
2025-07-05 14:43:17,7.16
2025-07-05 14:43:17,7.18
2025-07-05 14:43:17,7.18
2025-07-05 14:43:17,7.18
2025-07-05 14:43:18,7.18
2025-07-05 14:43:18,7.18
2025-07-05 14:43:18,7.18
2025-07-05 14:43:18,7.18
2025-07-05 14:43:18,7.18
2025-07-05 14:43:18,7.18
2025-07-05 14:43:18,7.18
2025-07-05 14:43:18,7.18
2025-07-05 14:43:18,7.18
2025-07-05 14:43:19,7.18
2025-07-05 14:43:19,7.18
2025-07-05 14:43:19,7.18
2025-07-05 14:43:19,7.18
2025-07-05 14:43:19,7.18
2025-07-05 14:43:19,7.18
2025-07-05 14:43:19,7.18
2025-07-05 14:43:19,7.18
2025-07-05 14:43:19,7.18
2025-07-05 14:43:20,7.18
2025-07-05 14:43:20,7.18
2025-07-05 14:43:20,7.18
2025-07-05 14:43:20,7.18
2025-07-05 14:43:20,7.18
2025-07-05 14:43:20,7.18
2025-07-05 14:43:20,7.2
2025-07-05 14:43:20,7.2
2025-07-05 14:43:20,7.2
2025-07-05 14:43:21,7.2
2025-07-05 14:43:21,7.2
2025-07-05 14:43:21,7.2
2025-07-05 14:43:21,7.2
2025-07-05 14:43:21,7.2
2025-07-05 14:43:21,7.2
2025-07-05 14:43:21,7.2
2025-07-05 14:43:21,7.2
2025-07-05 14:43:21,7.2
2025-07-05 14:43:22,7.2
2025-07-05 14:43:22,7.2
2025-07-05 14:43:22,7.2
2025-07-05 14:43:22,7.2
2025-07-05 14:43:22,7.2
2025-07-05 14:43:22,7.2
2025-07-05 14:43:22,7.2
2025-07-05 14:43:22,7.2
2025-07-05 14:43:22,7.2
2025-07-05 14:43:23,7.2
2025-07-05 14:43:23,7.2
2025-07-05 14:43:23,7.2
2025-07-05 14:43:23,7.2
2025-07-05 14:43:23,7.2
2025-07-05 14:43:23,7.2
2025-07-05 14:43:23,7.2
2025-07-05 14:43:23,7.2
2025-07-05 14:43:23,7.2
2025-07-05 14:43:24,7.2
2025-07-05 14:43:24,7.2
2025-07-05 14:43:24,7.2
2025-07-05 14:43:24,7.2
2025-07-05 14:43:24,7.2
2025-07-05 14:43:24,7.22
2025-07-05 14:43:24,7.22
2025-07-05 14:43:24,7.22
2025-07-05 14:43:24,7.22
2025-07-05 14:43:25,7.22
2025-07-05 14:43:25,7.22
2025-07-05 14:43:25,7.22
2025-07-05 14:43:25,7.22
2025-07-05 14:43:25,7.22
2025-07-05 14:43:25,7.22
2025-07-05 14:43:25,7.22
2025-07-05 14:43:25,7.22
2025-07-05 14:43:25,7.22
2025-07-05 14:43:25,7.22
2025-07-05 14:43:26,7.22
2025-07-05 14:43:26,7.22
2025-07-05 14:43:26,7.22
2025-07-05 14:43:26,7.22
2025-07-05 14:43:26,7.22
2025-07-05 14:43:26,7.22
2025-07-05 14:43:26,7.22
2025-07-05 14:43:26,7.22
2025-07-05 14:43:26,7.22
2025-07-05 14:43:27,7.22
2025-07-05 14:43:27,7.22
2025-07-05 14:43:27,7.22
2025-07-05 14:43:27,7.22
2025-07-05 14:43:27,7.22
2025-07-05 14:43:27,7.22
2025-07-05 14:43:27,7.22
2025-07-05 14:43:27,7.22
2025-07-05 14:43:27,7.22
2025-07-05 14:43:28,7.24
2025-07-05 14:43:28,7.24
2025-07-05 14:43:28,7.24
2025-07-05 14:43:28,7.24
2025-07-05 14:43:28,7.24
2025-07-05 14:43:28,7.24
2025-07-05 14:43:28,7.24
2025-07-05 14:43:28,7.24
2025-07-05 14:43:28,7.24
2025-07-05 14:43:29,7.24
2025-07-05 14:43:29,7.24
2025-07-05 14:43:29,7.24
2025-07-05 14:43:29,7.24
2025-07-05 14:43:29,7.24
2025-07-05 14:43:29,7.24
2025-07-05 14:43:29,7.24
2025-07-05 14:43:29,7.24
2025-07-05 14:43:29,7.24
2025-07-05 14:43:30,7.24
2025-07-05 14:43:30,7.24
2025-07-05 14:43:30,7.24
2025-07-05 14:43:30,7.24
2025-07-05 14:43:30,7.24
2025-07-05 14:43:30,7.24
2025-07-05 14:43:30,7.24
2025-07-05 14:43:30,7.24
2025-07-05 14:43:30,7.24
2025-07-05 14:43:31,7.24
2025-07-05 14:43:31,7.24
2025-07-05 14:43:31,7.24
2025-07-05 14:43:31,7.24
2025-07-05 14:43:31,7.24
2025-07-05 14:43:31,7.24
2025-07-05 14:43:31,7.24
2025-07-05 14:43:31,7.24
2025-07-05 14:43:31,7.24
2025-07-05 14:43:32,7.24
2025-07-05 14:43:32,7.24
2025-07-05 14:43:32,7.24
2025-07-05 14:43:32,7.24
2025-07-05 14:43:32,7.24
2025-07-05 14:43:32,7.24
2025-07-05 14:43:32,7.24
2025-07-05 14:43:32,7.24
2025-07-05 14:43:32,7.24
2025-07-05 14:43:33,7.24
2025-07-05 14:43:33,7.24
2025-07-05 14:43:33,7.24
2025-07-05 14:43:33,7.24
2025-07-05 14:43:33,7.24
2025-07-05 14:43:33,7.24
2025-07-05 14:43:33,7.24
2025-07-05 14:43:33,7.24
2025-07-05 14:43:33,7.24
2025-07-05 14:43:34,7.24
2025-07-05 14:43:34,7.24
2025-07-05 14:43:34,7.24
2025-07-05 14:43:34,7.24
2025-07-05 14:43:34,7.24
2025-07-05 14:43:34,7.24
2025-07-05 14:43:34,7.24
2025-07-05 14:43:34,7.88
2025-07-05 14:43:34,7.98
2025-07-05 14:43:35,8.1
2025-07-05 14:43:35,8.3
2025-07-05 14:43:35,8.42
2025-07-05 14:43:35,8.56
2025-07-05 14:43:35,8.76
2025-07-05 14:43:35,8.9
2025-07-05 14:43:35,9.1
2025-07-05 14:43:35,9.18
2025-07-05 14:43:35,9.28
2025-07-05 14:43:36,9.5
2025-07-05 14:43:36,9.58
2025-07-05 14:43:36,9.68
2025-07-05 14:43:36,9.88
2025-07-05 14:43:36,9.96
2025-07-05 14:43:36,10.12
2025-07-05 14:43:36,10.22
2025-07-05 14:43:36,10.34
2025-07-05 14:43:36,10.5
2025-07-05 14:43:36,10.6
2025-07-05 14:43:37,10.7
2025-07-05 14:43:37,10.88
2025-07-05 14:43:37,10.96
2025-07-05 14:43:37,11.08
2025-07-05 14:43:37,11.18
2025-07-05 14:43:37,11.3
2025-07-05 14:43:37,11.46
2025-07-05 14:43:37,11.54
2025-07-05 14:43:37,11.72
2025-07-05 14:43:38,11.82
2025-07-05 14:43:38,11.9
2025-07-05 14:43:38,12.04
2025-07-05 14:43:38,12.12
2025-07-05 14:43:38,12.2
2025-07-05 14:43:38,12.36
2025-07-05 14:43:38,12.44
2025-07-05 14:43:38,12.6
2025-07-05 14:43:38,12.68
2025-07-05 14:43:39,12.76
2025-07-05 14:43:39,12.92
2025-07-05 14:43:39,13
2025-07-05 14:43:39,13.08
2025-07-05 14:43:39,13.22
2025-07-05 14:43:39,13.3
2025-07-05 14:43:39,13.38
2025-07-05 14:43:39,13.54
2025-07-05 14:43:39,13.6
2025-07-05 14:43:40,13.76
2025-07-05 14:43:40,13.84
2025-07-05 14:43:40,13.9
2025-07-05 14:43:40,14.04
2025-07-05 14:43:40,14.14
2025-07-05 14:43:40,14.2
2025-07-05 14:43:40,14.32
2025-07-05 14:43:40,14.4
2025-07-05 14:43:40,14.56
2025-07-05 14:43:41,14.62
2025-07-05 14:43:41,14.7
2025-07-05 14:43:41,14.84
2025-07-05 14:43:41,14.9
2025-07-05 14:43:41,14.98
2025-07-05 14:43:41,15.12
2025-07-05 14:43:41,15.16
2025-07-05 14:43:41,15.32
2025-07-05 14:43:41,15.38
2025-07-05 14:43:42,15.46
2025-07-05 14:43:42,15.6
2025-07-05 14:43:42,15.68
2025-07-05 14:43:42,15.74
2025-07-05 14:43:42,15.88
2025-07-05 14:43:42,15.9
2025-07-05 14:43:42,16.08
2025-07-05 14:43:42,16.16
2025-07-05 14:43:42,16.18
2025-07-05 14:43:43,16.32
2025-07-05 14:43:43,16.4
2025-07-05 14:43:43,16.46
2025-07-05 14:43:43,16.6
2025-07-05 14:43:43,16.66
2025-07-05 14:43:43,16.72
2025-07-05 14:43:43,16.86
2025-07-05 14:43:43,16.92
2025-07-05 14:43:43,17.04
2025-07-05 14:43:44,17.1
2025-07-05 14:43:44,17.18
2025-07-05 14:43:44,17.3
2025-07-05 14:43:44,17.36
2025-07-05 14:43:44,17.38
2025-07-05 14:43:44,17.56
2025-07-05 14:43:44,17.58
2025-07-05 14:43:44,17.74
2025-07-05 14:43:44,17.8
2025-07-05 14:43:45,17.86
2025-07-05 14:43:45,17.98
2025-07-05 14:43:45,18.04
2025-07-05 14:43:45,18.1
2025-07-05 14:43:45,18.22
2025-07-05 14:43:45,18.28
2025-07-05 14:43:45,18.4
2025-07-05 14:43:45,18.46
2025-07-05 14:43:45,18.54
2025-07-05 14:43:46,18.64
2025-07-05 14:43:46,18.7
2025-07-05 14:43:46,18.74
2025-07-05 14:43:46,18.88
2025-07-05 14:43:46,18.9
2025-07-05 14:43:46,19.06
2025-07-05 14:43:46,19.1
2025-07-05 14:43:46,19.16
2025-07-05 14:43:46,19.26
2025-07-05 14:43:46,19.36
2025-07-05 14:43:47,19.42
2025-07-05 14:43:47,19.52
2025-07-05 14:43:47,19.58
2025-07-05 14:43:47,19.7
2025-07-05 14:43:47,19.76
2025-07-05 14:43:47,19.8
2025-07-05 14:43:47,19.92
2025-07-05 14:43:47,19.98
2025-07-05 14:43:47,20.04
2025-07-05 14:43:48,20.14
2025-07-05 14:43:48,20.22
2025-07-05 14:43:48,20.24
2025-07-05 14:43:48,20.38
2025-07-05 14:43:48,20.4
2025-07-05 14:43:48,20.54
2025-07-05 14:43:48,20.56
2025-07-05 14:43:48,20.64
2025-07-05 14:43:48,20.74
2025-07-05 14:43:49,20.8
2025-07-05 14:43:49,20.84
2025-07-05 14:43:49,20.96
2025-07-05 14:43:49,21.02
2025-07-05 14:43:49,21.14
2025-07-05 14:43:49,21.16
2025-07-05 14:43:49,21.24
2025-07-05 14:43:49,21.36
2025-07-05 14:43:49,21.42
2025-07-05 14:43:50,21.44
2025-07-05 14:43:50,21.56
2025-07-05 14:43:50,21.62
2025-07-05 14:43:50,21.72
2025-07-05 14:43:50,21.78
2025-07-05 14:43:50,21.8
2025-07-05 14:43:50,21.94
2025-07-05 14:43:50,21.96
2025-07-05 14:43:50,22.1
2025-07-05 14:43:51,22.12
2025-07-05 14:43:51,22.18
2025-07-05 14:43:51,22.28
2025-07-05 14:43:51,22.36
2025-07-05 14:43:51,22.38
2025-07-05 14:43:51,22.52
2025-07-05 14:43:51,22.54
2025-07-05 14:43:51,22.64
2025-07-05 14:43:51,22.7
2025-07-05 14:43:52,22.76
2025-07-05 14:43:52,22.86
2025-07-05 14:43:52,22.92
2025-07-05 14:43:52,22.94
2025-07-05 14:43:52,23.04
2025-07-05 14:43:52,23.12
2025-07-05 14:43:52,23.22
2025-07-05 14:43:52,23.24
2025-07-05 14:43:52,23.32
2025-07-05 14:43:53,23.4
2025-07-05 14:43:53,23.44
2025-07-05 14:43:53,23.52
2025-07-05 14:43:53,23.62
2025-07-05 14:43:53,23.64
2025-07-05 14:43:53,23.7
2025-07-05 14:43:53,23.8
2025-07-05 14:43:53,23.82
2025-07-05 14:43:53,23.92
2025-07-05 14:43:54,24
2025-07-05 14:43:54,24.02
2025-07-05 14:43:54,24.12
2025-07-05 14:43:54,24.18
2025-07-05 14:43:54,24.28
2025-07-05 14:43:54,24.3
2025-07-05 14:43:54,24.38
2025-07-05 14:43:54,24.48
2025-07-05 14:43:54,24.5
2025-07-05 14:43:55,24.56
2025-07-05 14:43:55,24.66
2025-07-05 14:43:55,24.68
2025-07-05 14:43:55,24.78
2025-07-05 14:43:55,24.84
2025-07-05 14:43:55,24.86
2025-07-05 14:43:55,25
2025-07-05 14:43:55,25.02
2025-07-05 14:43:55,25.1
2025-07-05 14:43:56,25.18
2025-07-05 14:43:56,25.2
2025-07-05 14:43:56,25.28
2025-07-05 14:43:56,25.36
2025-07-05 14:43:56,25.38
2025-07-05 14:43:56,25.48
2025-07-05 14:43:56,25.54
2025-07-05 14:43:56,25.56
2025-07-05 14:43:56,25.66
2025-07-05 14:43:57,25.72
2025-07-05 14:43:57,25.74
2025-07-05 14:43:57,25.84
2025-07-05 14:43:57,25.9
2025-07-05 14:43:57,26
2025-07-05 14:43:57,26.02
2025-07-05 14:43:57,26.08
2025-07-05 14:43:57,26.18
2025-07-05 14:43:57,26.2
2025-07-05 14:43:57,26.26
2025-07-05 14:43:58,26.34
2025-07-05 14:43:58,26.38
2025-07-05 14:43:58,26.46
2025-07-05 14:43:58,26.54
2025-07-05 14:43:58,26.56
2025-07-05 14:43:58,26.64
2025-07-05 14:43:58,26.7
2025-07-05 14:43:58,26.72
2025-07-05 14:43:58,26.82
2025-07-05 14:43:59,26.88
2025-07-05 14:43:59,26.96
2025-07-05 14:43:59,26.98
2025-07-05 14:43:59,27.04
2025-07-05 14:43:59,27.14
2025-07-05 14:43:59,27.16
2025-07-05 14:43:59,27.22
2025-07-05 14:43:59,27.3
2025-07-05 14:43:59,27.32
2025-07-05 14:44:00,27.42
2025-07-05 14:44:00,27.48
2025-07-05 14:44:00,27.5
2025-07-05 14:44:00,27.58
2025-07-05 14:44:00,27.64
2025-07-05 14:44:00,27.66
2025-07-05 14:44:00,27.74
2025-07-05 14:44:00,27.8
2025-07-05 14:44:00,27.9
2025-07-05 14:44:01,27.92
2025-07-05 14:44:01,27.94
2025-07-05 14:44:01,28.04
2025-07-05 14:44:01,28.1
2025-07-05 14:44:01,28.12
2025-07-05 14:44:01,28.2
2025-07-05 14:44:01,28.22
2025-07-05 14:44:01,28.3
2025-07-05 14:44:01,28.38
2025-07-05 14:44:02,28.4
2025-07-05 14:44:02,28.48
2025-07-05 14:44:02,28.54
2025-07-05 14:44:02,28.56
2025-07-05 14:44:02,28.64
2025-07-05 14:44:02,28.7
2025-07-05 14:44:02,28.72
2025-07-05 14:44:02,28.8
2025-07-05 14:44:02,28.86
2025-07-05 14:44:03,28.94
2025-07-05 14:44:03,28.96
2025-07-05 14:44:03,29.02
2025-07-05 14:44:03,29.1
2025-07-05 14:44:03,29.12
2025-07-05 14:44:03,29.18
2025-07-05 14:44:03,29.26
2025-07-05 14:44:03,29.28
2025-07-05 14:44:03,29.36
2025-07-05 14:44:04,29.38
2025-07-05 14:44:04,29.46
2025-07-05 14:44:04,29.52
2025-07-05 14:44:04,29.54
2025-07-05 14:44:04,29.6
2025-07-05 14:44:04,29.64
2025-07-05 14:44:04,29.72
2025-07-05 14:44:04,29.74
2025-07-05 14:44:04,29.82
2025-07-05 14:44:05,29.84
2025-07-05 14:44:05,29.94
2025-07-05 14:44:05,29.96
2025-07-05 14:44:05,30.04
2025-07-05 14:44:05,30.1
2025-07-05 14:44:05,30.12
2025-07-05 14:44:05,30.22
2025-07-05 14:44:05,30.24
2025-07-05 14:44:05,30.24
2025-07-05 14:44:06,30.34
2025-07-05 14:44:06,30.36
2025-07-05 14:44:06,30.46
2025-07-05 14:44:06,30.48
2025-07-05 14:44:06,30.54
2025-07-05 14:44:06,30.58
2025-07-05 14:44:06,30.66
2025-07-05 14:44:06,30.68
2025-07-05 14:44:06,30.74
2025-07-05 14:44:07,30.76
2025-07-05 14:44:07,30.84
2025-07-05 14:44:07,30.88
2025-07-05 14:44:07,30.94
2025-07-05 14:44:07,30.98
2025-07-05 14:44:07,31.04
2025-07-05 14:44:07,31.06
2025-07-05 14:44:07,31.16
2025-07-05 14:44:07,31.18
2025-07-05 14:44:07,31.24
2025-07-05 14:44:08,31.26
2025-07-05 14:44:08,31.34
2025-07-05 14:44:08,31.38
2025-07-05 14:44:08,31.42
2025-07-05 14:44:08,31.46
2025-07-05 14:44:08,31.54
2025-07-05 14:44:08,31.56
2025-07-05 14:44:08,31.6
2025-07-05 14:44:08,31.7
2025-07-05 14:44:09,31.72
2025-07-05 14:44:09,31.78
2025-07-05 14:44:09,31.8
2025-07-05 14:44:09,31.86
2025-07-05 14:44:09,31.94
2025-07-05 14:44:09,31.96
2025-07-05 14:44:09,31.96
2025-07-05 14:44:09,32.06
2025-07-05 14:44:09,32.06
2025-07-05 14:44:10,32.14
2025-07-05 14:44:10,32.16
2025-07-05 14:44:10,32.24
2025-07-05 14:44:10,32.3
2025-07-05 14:44:10,32.32
2025-07-05 14:44:10,32.34
2025-07-05 14:44:10,32.42
2025-07-05 14:44:10,32.44
2025-07-05 14:44:10,32.52
2025-07-05 14:44:11,32.58
2025-07-05 14:44:11,32.58
2025-07-05 14:44:11,32.68
2025-07-05 14:44:11,32.68
2025-07-05 14:44:11,32.74
2025-07-05 14:44:11,32.78
2025-07-05 14:44:11,32.84
2025-07-05 14:44:11,32.9
2025-07-05 14:44:11,32.92
2025-07-05 14:44:12,32.92
2025-07-05 14:44:12,33.02
2025-07-05 14:44:12,33.04
2025-07-05 14:44:12,33.1
2025-07-05 14:44:12,33.26
2025-07-05 14:44:12,33.24
2025-07-05 14:44:12,33.08
2025-07-05 14:44:12,33.16
2025-07-05 14:44:12,33.16
2025-07-05 14:44:13,33.14
2025-07-05 14:44:13,33.14
2025-07-05 14:44:13,33.14
2025-07-05 14:44:13,33.14
2025-07-05 14:44:13,33.14
2025-07-05 14:44:13,33.12
2025-07-05 14:44:13,33.12
2025-07-05 14:44:13,33.12
2025-07-05 14:44:13,33.12
2025-07-05 14:44:14,33.12
2025-07-05 14:44:14,33.12
2025-07-05 14:44:14,33.12
2025-07-05 14:44:14,33.12
2025-07-05 14:44:14,33.14
2025-07-05 14:44:14,33.14
2025-07-05 14:44:14,33.14
2025-07-05 14:44:14,33.14
2025-07-05 14:44:14,33.14
2025-07-05 14:44:15,33.14
2025-07-05 14:44:15,33.14
2025-07-05 14:44:15,33.14
2025-07-05 14:44:15,33.14
2025-07-05 14:44:15,33.14
2025-07-05 14:44:15,33.14
2025-07-05 14:44:15,33.14
2025-07-05 14:44:15,33.14
2025-07-05 14:44:15,33.24
2025-07-05 14:44:16,33.24
2025-07-05 14:44:16,33.24
2025-07-05 14:44:16,33.24
2025-07-05 14:44:16,33.24
2025-07-05 14:44:16,33.24
2025-07-05 14:44:16,33.26
2025-07-05 14:44:16,33.26
2025-07-05 14:44:16,33.26
2025-07-05 14:44:16,33.26
2025-07-05 14:44:17,33.26
2025-07-05 14:44:17,33.26
2025-07-05 14:44:17,33.26
2025-07-05 14:44:17,33.3
2025-07-05 14:44:17,33.3
2025-07-05 14:44:17,33.3
2025-07-05 14:44:17,33.3
2025-07-05 14:44:17,33.3
2025-07-05 14:44:17,33.3
2025-07-05 14:44:17,33.3
2025-07-05 14:44:18,33.3
2025-07-05 14:44:18,33.3
2025-07-05 14:44:18,33.3
2025-07-05 14:44:18,33.32
2025-07-05 14:44:18,33.32
2025-07-05 14:44:18,33.32
2025-07-05 14:44:18,33.32
2025-07-05 14:44:18,33.32
2025-07-05 14:44:18,33.32
2025-07-05 14:44:19,33.32
2025-07-05 14:44:19,33.32
2025-07-05 14:44:19,33.32
2025-07-05 14:44:19,33.38
2025-07-05 14:44:19,33.4
2025-07-05 14:44:19,33.4
2025-07-05 14:44:19,33.42
2025-07-05 14:44:19,33.42
2025-07-05 14:44:19,33.42
2025-07-05 14:44:20,33.42
2025-07-05 14:44:20,33.42
2025-07-05 14:44:20,33.44
2025-07-05 14:44:20,33.46
2025-07-05 14:44:20,33.46
2025-07-05 14:44:20,33.48
2025-07-05 14:44:20,33.48
2025-07-05 14:44:20,33.48
2025-07-05 14:44:20,33.48
2025-07-05 14:44:21,33.48
2025-07-05 14:44:21,33.48
2025-07-05 14:44:21,33.5
2025-07-05 14:44:21,33.5
2025-07-05 14:44:21,33.5
2025-07-05 14:44:21,33.5
2025-07-05 14:44:21,33.5
2025-07-05 14:44:21,33.5
2025-07-05 14:44:21,33.5
2025-07-05 14:44:22,33.5
2025-07-05 14:44:22,33.5
2025-07-05 14:44:22,33.5
2025-07-05 14:44:22,33.5
2025-07-05 14:44:22,33.52
2025-07-05 14:44:22,33.54
2025-07-05 14:44:22,33.54
2025-07-05 14:44:22,33.54
2025-07-05 14:44:22,33.54
2025-07-05 14:44:23,33.54
2025-07-05 14:44:23,33.54
2025-07-05 14:44:23,33.54
2025-07-05 14:44:23,33.54
2025-07-05 14:44:23,33.54
2025-07-05 14:44:23,33.56
2025-07-05 14:44:23,33.56
2025-07-05 14:44:23,33.56
2025-07-05 14:44:23,33.56
2025-07-05 14:44:24,33.56
2025-07-05 14:44:24,33.56
2025-07-05 14:44:24,33.56
2025-07-05 14:44:24,33.56
2025-07-05 14:44:24,33.56
2025-07-05 14:44:24,33.56
2025-07-05 14:44:24,33.58
2025-07-05 14:44:24,33.58
2025-07-05 14:44:24,33.58
2025-07-05 14:44:25,33.58
2025-07-05 14:44:25,33.58
2025-07-05 14:44:25,33.58
2025-07-05 14:44:25,33.58
2025-07-05 14:44:25,33.58
2025-07-05 14:44:25,33.58
2025-07-05 14:44:25,33.58
2025-07-05 14:44:25,33.58
2025-07-05 14:44:25,33.58
2025-07-05 14:44:26,33.58
2025-07-05 14:44:26,33.6
2025-07-05 14:44:26,33.6
2025-07-05 14:44:26,33.6
2025-07-05 14:44:26,33.62
2025-07-05 14:44:26,33.62
2025-07-05 14:44:26,33.62
2025-07-05 14:44:26,33.62
2025-07-05 14:44:26,33.62
2025-07-05 14:44:27,33.62
2025-07-05 14:44:27,33.62
2025-07-05 14:44:27,33.62
2025-07-05 14:44:27,33.62
2025-07-05 14:44:27,33.62
2025-07-05 14:44:27,33.62
2025-07-05 14:44:27,33.62
2025-07-05 14:44:27,33.62
2025-07-05 14:44:27,33.62
2025-07-05 14:44:28,33.62
2025-07-05 14:44:28,33.62
2025-07-05 14:44:28,33.62
2025-07-05 14:44:28,33.62
2025-07-05 14:44:28,33.62
2025-07-05 14:44:28,33.62
2025-07-05 14:44:28,33.62
2025-07-05 14:44:28,33.62
2025-07-05 14:44:28,33.62
2025-07-05 14:44:29,33.62
2025-07-05 14:44:29,33.62
2025-07-05 14:44:29,33.62
2025-07-05 14:44:29,33.62
2025-07-05 14:44:29,33.64
2025-07-05 14:44:29,33.64
2025-07-05 14:44:29,33.64
2025-07-05 14:44:29,33.64
2025-07-05 14:44:29,33.64
2025-07-05 14:44:30,33.64
2025-07-05 14:44:30,33.64
2025-07-05 14:44:30,33.64
2025-07-05 14:44:30,33.64
2025-07-05 14:44:30,33.64
2025-07-05 14:44:30,33.64
2025-07-05 14:44:30,33.64
2025-07-05 14:44:30,33.64
2025-07-05 14:44:30,33.64
2025-07-05 14:44:30,33.64
2025-07-05 14:44:31,33.64
2025-07-05 14:44:31,33.66
2025-07-05 14:44:31,33.66
2025-07-05 14:44:31,33.66
2025-07-05 14:44:31,33.66
2025-07-05 14:44:31,33.66
2025-07-05 14:44:31,33.66
2025-07-05 14:44:31,33.66
2025-07-05 14:44:31,33.66
2025-07-05 14:44:32,33.66
2025-07-05 14:44:32,33.66
2025-07-05 14:44:32,33.66
2025-07-05 14:44:32,33.66
2025-07-05 14:44:32,33.66
2025-07-05 14:44:32,33.66
2025-07-05 14:44:32,33.68
2025-07-05 14:44:32,33.68
2025-07-05 14:44:32,33.68
2025-07-05 14:44:33,33.68
2025-07-05 14:44:33,33.68
2025-07-05 14:44:33,33.68
2025-07-05 14:44:33,33.68
2025-07-05 14:44:33,33.68
2025-07-05 14:44:33,33.68
2025-07-05 14:44:33,33.68
2025-07-05 14:44:33,33.68
2025-07-05 14:44:33,33.68
2025-07-05 14:44:34,33.68
2025-07-05 14:44:34,33.68
2025-07-05 14:44:34,33.68
2025-07-05 14:44:34,33.68
2025-07-05 14:44:34,33.68
2025-07-05 14:44:34,33.68
2025-07-05 14:44:34,33.68
2025-07-05 14:44:34,33.68
2025-07-05 14:44:34,33.68
2025-07-05 14:44:35,33.68
2025-07-05 14:44:35,33.68
2025-07-05 14:44:35,33.68
2025-07-05 14:44:35,33.7
2025-07-05 14:44:35,33.7
2025-07-05 14:44:35,33.7
2025-07-05 14:44:35,33.7
2025-07-05 14:44:35,33.7
2025-07-05 14:44:35,33.7
2025-07-05 14:44:36,33.7
2025-07-05 14:44:36,33.7
2025-07-05 14:44:36,33.7
2025-07-05 14:44:36,33.7
2025-07-05 14:44:36,33.7
2025-07-05 14:44:36,33.7
2025-07-05 14:44:36,33.7
2025-07-05 14:44:36,33.7
2025-07-05 14:44:36,33.7
2025-07-05 14:44:37,33.7
2025-07-05 14:44:37,33.7
2025-07-05 14:44:37,33.7
2025-07-05 14:44:37,33.7
2025-07-05 14:44:37,33.7
2025-07-05 14:44:37,33.7
2025-07-05 14:44:37,33.7
2025-07-05 14:44:37,33.7
2025-07-05 14:44:37,33.7
2025-07-05 14:44:38,33.7
2025-07-05 14:44:38,33.7
2025-07-05 14:44:38,33.7
2025-07-05 14:44:38,33.7
2025-07-05 14:44:38,33.7
2025-07-05 14:44:38,33.7
2025-07-05 14:44:38,33.7
2025-07-05 14:44:38,33.7
2025-07-05 14:44:38,33.7
2025-07-05 14:44:38,33.7
2025-07-05 14:44:39,33.7
2025-07-05 14:44:39,33.7
2025-07-05 14:44:39,33.7
2025-07-05 14:44:39,33.7
2025-07-05 14:44:39,33.7
2025-07-05 14:44:39,33.7
2025-07-05 14:44:39,33.7
2025-07-05 14:44:39,33.7
2025-07-05 14:44:39,33.7
2025-07-05 14:44:40,33.7
2025-07-05 14:44:40,33.7
2025-07-05 14:44:40,33.7
2025-07-05 14:44:40,33.7
2025-07-05 14:44:40,33.7
2025-07-05 14:44:40,33.7
2025-07-05 14:44:40,33.7
2025-07-05 14:44:40,33.7
2025-07-05 14:44:40,33.7
2025-07-05 14:44:41,33.7
2025-07-05 14:44:41,33.7
2025-07-05 14:44:41,33.7
2025-07-05 14:44:41,33.7
2025-07-05 14:44:41,33.7
2025-07-05 14:44:41,33.7
2025-07-05 14:44:41,33.7
2025-07-05 14:44:41,33.7
2025-07-05 14:44:41,33.7
2025-07-05 14:44:42,33.7
2025-07-05 14:44:42,33.7
2025-07-05 14:44:42,33.7
2025-07-05 14:44:42,33.7
2025-07-05 14:44:42,33.7
2025-07-05 14:44:42,33.7
2025-07-05 14:44:42,33.7
2025-07-05 14:44:42,33.7
2025-07-05 14:44:42,33.7
2025-07-05 14:44:43,33.7
2025-07-05 14:44:43,33.7
2025-07-05 14:44:43,33.7
2025-07-05 14:44:43,33.7
2025-07-05 14:44:43,33.7
2025-07-05 14:44:43,33.7
2025-07-05 14:44:43,33.72
2025-07-05 14:44:43,33.72
2025-07-05 14:44:43,33.72
2025-07-05 14:44:44,33.72
2025-07-05 14:44:44,33.72
2025-07-05 14:44:44,33.72
2025-07-05 14:44:44,33.72
2025-07-05 14:44:44,33.72
2025-07-05 14:44:44,33.72
2025-07-05 14:44:44,33.72
2025-07-05 14:44:44,33.72
2025-07-05 14:44:44,33.72
2025-07-05 14:44:45,33.72
2025-07-05 14:44:45,33.72
2025-07-05 14:44:45,33.72
2025-07-05 14:44:45,33.72
2025-07-05 14:44:45,33.72
2025-07-05 14:44:45,33.72
2025-07-05 14:44:45,33.72
2025-07-05 14:44:45,33.72
2025-07-05 14:44:45,33.72
2025-07-05 14:44:46,33.72
2025-07-05 14:44:46,33.72
2025-07-05 14:44:46,33.72
2025-07-05 14:44:46,33.72
2025-07-05 14:44:46,33.72
2025-07-05 14:44:46,33.72
2025-07-05 14:44:46,33.72
2025-07-05 14:44:46,33.72
2025-07-05 14:44:46,33.72
2025-07-05 14:44:47,33.72
2025-07-05 14:44:47,33.72
2025-07-05 14:44:47,33.72
2025-07-05 14:44:47,33.72
2025-07-05 14:44:47,33.72
2025-07-05 14:44:47,33.72
2025-07-05 14:44:47,33.72
2025-07-05 14:44:47,33.72
2025-07-05 14:44:47,33.72
2025-07-05 14:44:47,33.72
2025-07-05 14:44:48,33.72
2025-07-05 14:44:48,33.72
2025-07-05 14:44:48,33.72
2025-07-05 14:44:48,33.72
2025-07-05 14:44:48,33.72
2025-07-05 14:44:48,33.72
2025-07-05 14:44:48,33.72
2025-07-05 14:44:48,33.72
2025-07-05 14:44:48,33.72
2025-07-05 14:44:49,33.72
2025-07-05 14:44:49,33.72
2025-07-05 14:44:49,33.72
2025-07-05 14:44:49,33.72
2025-07-05 14:44:49,33.72
2025-07-05 14:44:49,33.72
2025-07-05 14:44:49,33.72
2025-07-05 14:44:49,33.72
2025-07-05 14:44:49,33.72
2025-07-05 14:44:50,33.72
2025-07-05 14:44:50,33.72
2025-07-05 14:44:50,33.72
2025-07-05 14:44:50,33.72
2025-07-05 14:44:50,33.72
2025-07-05 14:44:50,33.72
2025-07-05 14:44:50,33.72
2025-07-05 14:44:50,33.72
2025-07-05 14:44:50,33.72
2025-07-05 14:44:51,33.72
2025-07-05 14:44:51,33.72
2025-07-05 14:44:51,33.72
2025-07-05 14:44:51,33.72
2025-07-05 14:44:51,33.72
2025-07-05 14:44:51,33.72
2025-07-05 14:44:51,33.72
2025-07-05 14:44:51,33.72
2025-07-05 14:44:51,33.72
2025-07-05 14:44:52,33.72
2025-07-05 14:44:52,33.72
2025-07-05 14:44:52,33.72
2025-07-05 14:44:52,33.72
2025-07-05 14:44:52,33.72
2025-07-05 14:44:52,33.72
2025-07-05 14:44:52,33.72
2025-07-05 14:44:52,33.72
2025-07-05 14:44:52,33.72
2025-07-05 14:44:53,33.72
2025-07-05 14:44:53,33.72
2025-07-05 14:44:53,33.72
2025-07-05 14:44:53,33.72
2025-07-05 14:44:53,33.72
2025-07-05 14:44:53,33.72
2025-07-05 14:44:53,33.72
2025-07-05 14:44:53,33.72
2025-07-05 14:44:53,33.72
2025-07-05 14:44:54,33.72
2025-07-05 14:44:54,33.72
2025-07-05 14:44:54,33.72
2025-07-05 14:44:54,33.72
2025-07-05 14:44:54,33.72
2025-07-05 14:44:54,33.72
2025-07-05 14:44:54,33.72
2025-07-05 14:44:54,33.72
2025-07-05 14:44:54,33.72
2025-07-05 14:44:55,33.72
2025-07-05 14:44:55,33.72
2025-07-05 14:44:55,33.72
2025-07-05 14:44:55,33.72
2025-07-05 14:44:55,33.72
2025-07-05 14:44:55,33.72
2025-07-05 14:44:55,33.72
2025-07-05 14:44:55,33.72
2025-07-05 14:44:55,33.72
2025-07-05 14:44:56,33.72
2025-07-05 14:44:56,33.72
2025-07-05 14:44:56,33.72
2025-07-05 14:44:56,33.72
2025-07-05 14:44:56,33.72
2025-07-05 14:44:56,33.72
2025-07-05 14:44:56,33.72
2025-07-05 14:44:56,33.72
2025-07-05 14:44:56,33.72
2025-07-05 14:44:57,33.72
2025-07-05 14:44:57,33.72
2025-07-05 14:44:57,33.72
2025-07-05 14:44:57,33.72
2025-07-05 14:44:57,33.72
2025-07-05 14:44:57,33.72
2025-07-05 14:44:57,33.72
2025-07-05 14:44:57,33.72
2025-07-05 14:44:57,33.72
2025-07-05 14:44:57,33.72
2025-07-05 14:44:58,33.72
2025-07-05 14:44:58,33.72
2025-07-05 14:44:58,33.72
2025-07-05 14:44:58,33.72
2025-07-05 14:44:58,33.72
2025-07-05 14:44:58,33.72
2025-07-05 14:44:58,33.72
2025-07-05 14:44:58,33.72
2025-07-05 14:44:58,33.72
2025-07-05 14:44:59,33.72
2025-07-05 14:44:59,33.72
2025-07-05 14:44:59,33.72
2025-07-05 14:44:59,33.72
2025-07-05 14:44:59,33.72
2025-07-05 14:44:59,33.72
2025-07-05 14:44:59,33.72
2025-07-05 14:44:59,33.72
2025-07-05 14:44:59,33.72
2025-07-05 14:45:00,33.72
2025-07-05 14:45:00,33.72
2025-07-05 14:45:00,33.72
2025-07-05 14:45:00,33.72
2025-07-05 14:45:00,33.72
2025-07-05 14:45:00,33.72
2025-07-05 14:45:00,33.72
2025-07-05 14:45:00,33.72
2025-07-05 14:45:00,33.72
2025-07-05 14:45:01,33.72
2025-07-05 14:45:01,33.72
2025-07-05 14:45:01,33.72
2025-07-05 14:45:01,33.72
2025-07-05 14:45:01,33.72
2025-07-05 14:45:01,33.72
2025-07-05 14:45:01,33.72
2025-07-05 14:45:01,33.72
2025-07-05 14:45:01,33.72
2025-07-05 14:45:02,33.72
2025-07-05 14:45:02,33.72
2025-07-05 14:45:02,33.72
2025-07-05 14:45:02,33.72
2025-07-05 14:45:02,33.72
2025-07-05 14:45:02,33.72
2025-07-05 14:45:02,33.72
2025-07-05 14:45:02,33.72
2025-07-05 14:45:02,33.72
2025-07-05 14:45:03,33.72
2025-07-05 14:45:03,33.72
2025-07-05 14:45:03,33.72
2025-07-05 14:45:03,33.72
2025-07-05 14:45:03,33.72
2025-07-05 14:45:03,33.72
2025-07-05 14:45:03,33.72
2025-07-05 14:45:03,33.72
2025-07-05 14:45:03,33.72
2025-07-05 14:45:04,33.72
2025-07-05 14:45:04,33.72
2025-07-05 14:45:04,33.72
2025-07-05 14:45:04,33.72
2025-07-05 14:45:04,33.72
2025-07-05 14:45:04,33.72
2025-07-05 14:45:04,33.72
2025-07-05 14:45:04,33.72
2025-07-05 14:45:04,33.72
2025-07-05 14:45:05,33.72
2025-07-05 14:45:05,33.72
2025-07-05 14:45:05,33.72
2025-07-05 14:45:05,33.72
2025-07-05 14:45:05,33.72
2025-07-05 14:45:05,33.72
2025-07-05 14:45:05,33.72
2025-07-05 14:45:05,33.72
2025-07-05 14:45:05,33.72
2025-07-05 14:45:05,33.72
2025-07-05 14:45:06,33.72
2025-07-05 14:45:06,33.72
2025-07-05 14:45:06,33.72
2025-07-05 14:45:06,33.72
2025-07-05 14:45:06,33.72
2025-07-05 14:45:06,33.72
2025-07-05 14:45:06,33.72
2025-07-05 14:45:06,33.72
2025-07-05 14:45:06,33.72
2025-07-05 14:45:07,33.72
2025-07-05 14:45:07,33.72
2025-07-05 14:45:07,33.72
2025-07-05 14:45:07,33.72
2025-07-05 14:45:07,33.72
2025-07-05 14:45:07,33.72
2025-07-05 14:45:07,33.72
2025-07-05 14:45:07,33.72
2025-07-05 14:45:07,33.72
2025-07-05 14:45:08,33.72
2025-07-05 14:45:08,33.72
2025-07-05 14:45:08,33.72
2025-07-05 14:45:08,33.72
2025-07-05 14:45:08,33.72
2025-07-05 14:45:08,33.72
2025-07-05 14:45:08,33.72
2025-07-05 14:45:08,33.72
2025-07-05 14:45:08,33.72
2025-07-05 14:45:09,33.72
2025-07-05 14:45:09,33.72
2025-07-05 14:45:09,33.72
2025-07-05 14:45:09,33.72
2025-07-05 14:45:09,33.72
2025-07-05 14:45:09,33.72
2025-07-05 14:45:09,33.72
2025-07-05 14:45:09,33.72
2025-07-05 14:45:09,33.72
2025-07-05 14:45:10,33.72
2025-07-05 14:45:10,33.72
2025-07-05 14:45:10,33.72
2025-07-05 14:45:10,33.72
2025-07-05 14:45:10,33.74
2025-07-05 14:45:10,33.74
2025-07-05 14:45:10,33.74
2025-07-05 14:45:10,33.74
2025-07-05 14:45:10,33.74
2025-07-05 14:45:11,33.74
2025-07-05 14:45:11,33.74
2025-07-05 14:45:11,33.74
2025-07-05 14:45:11,33.74
2025-07-05 14:45:11,33.74
2025-07-05 14:45:11,33.74
2025-07-05 14:45:11,33.74
2025-07-05 14:45:11,33.74
2025-07-05 14:45:11,33.74
2025-07-05 14:45:12,33.74
2025-07-05 14:45:12,33.74
2025-07-05 14:45:12,33.74
2025-07-05 14:45:12,33.74
2025-07-05 14:45:12,33.74
2025-07-05 14:45:12,33.74
2025-07-05 14:45:12,33.74
2025-07-05 14:45:12,33.74
2025-07-05 14:45:12,33.74
2025-07-05 14:45:13,33.74
2025-07-05 14:45:13,33.74
2025-07-05 14:45:13,33.74
2025-07-05 14:45:13,33.74
2025-07-05 14:45:13,33.74
2025-07-05 14:45:13,33.74
2025-07-05 14:45:13,33.74
2025-07-05 14:45:13,33.74
2025-07-05 14:45:13,33.74
2025-07-05 14:45:14,33.74
2025-07-05 14:45:14,33.74
2025-07-05 14:45:14,33.74
2025-07-05 14:45:14,33.74
2025-07-05 14:45:14,33.74
2025-07-05 14:45:14,33.74
2025-07-05 14:45:14,33.74
2025-07-05 14:45:14,33.74
2025-07-05 14:45:14,33.74
2025-07-05 14:45:15,33.74
2025-07-05 14:45:15,33.74
2025-07-05 14:45:15,33.74
2025-07-05 14:45:15,33.74
2025-07-05 14:45:15,33.74
2025-07-05 14:45:15,33.74
2025-07-05 14:45:15,33.74
2025-07-05 14:45:15,33.74
2025-07-05 14:45:15,33.74
2025-07-05 14:45:15,33.74
2025-07-05 14:45:16,33.74
2025-07-05 14:45:16,33.74
2025-07-05 14:45:16,33.74
2025-07-05 14:45:16,33.74
2025-07-05 14:45:16,33.74
2025-07-05 14:45:16,33.74
2025-07-05 14:45:16,33.74
2025-07-05 14:45:16,33.74
2025-07-05 14:45:16,33.74
2025-07-05 14:45:17,33.74
2025-07-05 14:45:17,33.74
2025-07-05 14:45:17,33.74
2025-07-05 14:45:17,33.74
2025-07-05 14:45:17,33.74
2025-07-05 14:45:17,33.74
2025-07-05 14:45:17,33.74
2025-07-05 14:45:17,33.74
2025-07-05 14:45:17,33.74
2025-07-05 14:45:18,33.74
2025-07-05 14:45:18,33.74
2025-07-05 14:45:18,33.74
2025-07-05 14:45:18,33.74
2025-07-05 14:45:18,33.74
2025-07-05 14:45:18,33.74
2025-07-05 14:45:18,33.74
2025-07-05 14:45:18,33.74
2025-07-05 14:45:18,33.74
2025-07-05 14:45:19,33.74
2025-07-05 14:45:19,33.74
2025-07-05 14:45:19,33.74
2025-07-05 14:45:19,33.74
2025-07-05 14:45:19,33.74
2025-07-05 14:45:19,33.74
2025-07-05 14:45:19,33.72
2025-07-05 14:45:19,33.72
2025-07-05 14:45:19,33.72
2025-07-05 14:45:20,33.72
2025-07-05 14:45:20,33.72
2025-07-05 14:45:20,33.72
2025-07-05 14:45:20,33.72
2025-07-05 14:45:20,33.72
2025-07-05 14:45:20,33.72
2025-07-05 14:45:20,33.72
2025-07-05 14:45:20,33.72
2025-07-05 14:45:20,33.72
2025-07-05 14:45:21,33.72
2025-07-05 14:45:21,33.72
2025-07-05 14:45:21,33.72
2025-07-05 14:45:21,33.72
2025-07-05 14:45:21,33.72
2025-07-05 14:45:21,33.72
2025-07-05 14:45:21,33.72
2025-07-05 14:45:21,33.72
2025-07-05 14:45:21,33.72
2025-07-05 14:45:21,33.74
2025-07-05 14:45:22,33.74
2025-07-05 14:45:22,33.74
2025-07-05 14:45:22,33.74
2025-07-05 14:45:22,33.74
2025-07-05 14:45:22,33.74
2025-07-05 14:45:22,33.74
2025-07-05 14:45:22,33.74
2025-07-05 14:45:22,33.74
2025-07-05 14:45:22,33.74
2025-07-05 14:45:23,33.74
2025-07-05 14:45:23,33.74
2025-07-05 14:45:23,33.74
2025-07-05 14:45:23,33.74
2025-07-05 14:45:23,33.74
2025-07-05 14:45:23,33.74
2025-07-05 14:45:23,33.74
2025-07-05 14:45:23,33.74
2025-07-05 14:45:23,33.74
2025-07-05 14:45:24,33.74
2025-07-05 14:45:24,33.74
2025-07-05 14:45:24,33.74
2025-07-05 14:45:24,33.74
2025-07-05 14:45:24,33.74
2025-07-05 14:45:24,33.72
2025-07-05 14:45:24,33.72
2025-07-05 14:45:24,33.72
2025-07-05 14:45:24,33.72
2025-07-05 14:45:25,33.72
2025-07-05 14:45:25,33.72
2025-07-05 14:45:25,33.72
2025-07-05 14:45:25,33.72
2025-07-05 14:45:25,33.72
2025-07-05 14:45:25,33.72
2025-07-05 14:45:25,33.72
2025-07-05 14:45:25,33.72
2025-07-05 14:45:25,33.72
2025-07-05 14:45:26,33.72
2025-07-05 14:45:26,33.72
2025-07-05 14:45:26,33.72
2025-07-05 14:45:26,33.72
2025-07-05 14:45:26,33.72
2025-07-05 14:45:26,33.72
2025-07-05 14:45:26,33.72
2025-07-05 14:45:26,33.72
2025-07-05 14:45:26,33.72
2025-07-05 14:45:27,33.72
2025-07-05 14:45:27,33.72
2025-07-05 14:45:27,33.72
2025-07-05 14:45:27,33.72
2025-07-05 14:45:27,33.72
2025-07-05 14:45:27,33.72
2025-07-05 14:45:27,33.72
2025-07-05 14:45:27,33.72
2025-07-05 14:45:27,33.72
2025-07-05 14:45:28,33.72
2025-07-05 14:45:28,33.72
2025-07-05 14:45:28,33.72
2025-07-05 14:45:28,33.72
2025-07-05 14:45:28,33.72
2025-07-05 14:45:28,34.4
2025-07-05 14:45:28,34.52
2025-07-05 14:45:28,34.76
2025-07-05 14:45:28,34.88
2025-07-05 14:45:29,35.04
2025-07-05 14:45:29,35.24
2025-07-05 14:45:29,35.38
2025-07-05 14:45:29,35.64
2025-07-05 14:45:29,35.72
2025-07-05 14:45:29,35.82
2025-07-05 14:45:29,36.06
2025-07-05 14:45:29,36.18
2025-07-05 14:45:29,36.32
2025-07-05 14:45:30,36.5
2025-07-05 14:45:30,36.62
2025-07-05 14:45:30,36.82
2025-07-05 14:45:30,36.96
2025-07-05 14:45:30,37.06
2025-07-05 14:45:30,37.26
2025-07-05 14:45:30,37.38
2025-07-05 14:45:30,37.48
2025-07-05 14:45:30,37.72
2025-07-05 14:45:30,37.82
2025-07-05 14:45:31,37.92
2025-07-05 14:45:31,38.12
2025-07-05 14:45:31,38.22
2025-07-05 14:45:31,38.46
2025-07-05 14:45:31,38.56
2025-07-05 14:45:31,38.68
2025-07-05 14:45:31,38.86
2025-07-05 14:45:31,38.98
2025-07-05 14:45:31,39.16
2025-07-05 14:45:32,39.28
2025-07-05 14:45:32,39.42
2025-07-05 14:45:32,39.66
2025-07-05 14:45:32,39.76
2025-07-05 14:45:32,39.92
2025-07-05 14:45:32,40.04
2025-07-05 14:45:32,40.1
2025-07-05 14:45:32,40.34
2025-07-05 14:45:32,40.42
2025-07-05 14:45:33,40.48
2025-07-05 14:45:33,40.56
2025-07-05 14:45:33,40.58
2025-07-05 14:45:33,40.66
2025-07-05 14:45:33,40.66
2025-07-05 14:45:33,40.78
2025-07-05 14:45:33,40.8
2025-07-05 14:45:33,40.8
2025-07-05 14:45:33,40.9
2025-07-05 14:45:34,40.9
2025-07-05 14:45:34,40.92
2025-07-05 14:45:34,40.92
2025-07-05 14:45:34,41
2025-07-05 14:45:34,41
2025-07-05 14:45:34,41.02
2025-07-05 14:45:34,41.08
2025-07-05 14:45:34,41.08
2025-07-05 14:45:34,41.1
2025-07-05 14:45:35,41.12
2025-07-05 14:45:35,41.12
2025-07-05 14:45:35,41.18
2025-07-05 14:45:35,41.18
2025-07-05 14:45:35,41.18
2025-07-05 14:45:35,41.2
2025-07-05 14:45:35,41.2
2025-07-05 14:45:35,41.2
2025-07-05 14:45:35,41.2
2025-07-05 14:45:36,41.22
2025-07-05 14:45:36,41.22
2025-07-05 14:45:36,41.22
2025-07-05 14:45:36,41.22
2025-07-05 14:45:36,41.22
2025-07-05 14:45:36,41.22
2025-07-05 14:45:36,41.22
2025-07-05 14:45:36,41.22
2025-07-05 14:45:36,41.22
2025-07-05 14:45:37,41.22
2025-07-05 14:45:37,41.22
2025-07-05 14:45:37,41.22
2025-07-05 14:45:37,41.22
2025-07-05 14:45:37,41.22
2025-07-05 14:45:37,41.22
2025-07-05 14:45:37,41.22
2025-07-05 14:45:37,41.22
2025-07-05 14:45:37,41.22
2025-07-05 14:45:38,41.22
2025-07-05 14:45:38,41.22
2025-07-05 14:45:38,41.22
2025-07-05 14:45:38,41.22
2025-07-05 14:45:38,41.22
2025-07-05 14:45:38,41.22
2025-07-05 14:45:38,41.22
2025-07-05 14:45:38,41.22
2025-07-05 14:45:38,41.22
2025-07-05 14:45:39,41.22
2025-07-05 14:45:39,41.22
2025-07-05 14:45:39,41.22
2025-07-05 14:45:39,41.22
2025-07-05 14:45:39,41.22
2025-07-05 14:45:39,41.22
2025-07-05 14:45:39,41.24
2025-07-05 14:45:39,41.24
2025-07-05 14:45:39,41.24
2025-07-05 14:45:40,41.24
2025-07-05 14:45:40,41.24
2025-07-05 14:45:40,41.24
2025-07-05 14:45:40,41.24
2025-07-05 14:45:40,41.24
2025-07-05 14:45:40,41.24
2025-07-05 14:45:40,41.24
2025-07-05 14:45:40,41.24
2025-07-05 14:45:40,41.24
2025-07-05 14:45:40,41.24
2025-07-05 14:45:41,41.24
2025-07-05 14:45:41,41.24
2025-07-05 14:45:41,41.24
2025-07-05 14:45:41,41.24
2025-07-05 14:45:41,41.24
2025-07-05 14:45:41,41.24
2025-07-05 14:45:41,41.24
2025-07-05 14:45:41,41.24
2025-07-05 14:45:41,41.24
2025-07-05 14:45:42,41.24
2025-07-05 14:45:42,41.24
2025-07-05 14:45:42,41.24
2025-07-05 14:45:42,41.24
2025-07-05 14:45:42,41.24
2025-07-05 14:45:42,41.24
2025-07-05 14:45:42,41.24
2025-07-05 14:45:42,41.24
2025-07-05 14:45:42,41.24
2025-07-05 14:45:43,41.24
2025-07-05 14:45:43,41.24
2025-07-05 14:45:43,41.24
2025-07-05 14:45:43,41.24
2025-07-05 14:45:43,41.24
2025-07-05 14:45:43,41.24
2025-07-05 14:45:43,41.24
2025-07-05 14:45:43,41.24
2025-07-05 14:45:43,41.24
2025-07-05 14:45:44,41.24
2025-07-05 14:45:44,41.24
2025-07-05 14:45:44,41.24
2025-07-05 14:45:44,41.24
2025-07-05 14:45:44,41.24
2025-07-05 14:45:44,41.24
2025-07-05 14:45:44,41.24
2025-07-05 14:45:44,41.24
2025-07-05 14:45:44,41.24
2025-07-05 14:45:45,41.24
2025-07-05 14:45:45,41.24
2025-07-05 14:45:45,41.24
2025-07-05 14:45:45,41.24
2025-07-05 14:45:45,41.24
2025-07-05 14:45:45,41.24
2025-07-05 14:45:45,41.24
2025-07-05 14:45:45,41.24
2025-07-05 14:45:45,41.24
2025-07-05 14:45:46,41.24
2025-07-05 14:45:46,41.24
2025-07-05 14:45:46,41.24
2025-07-05 14:45:46,41.24
2025-07-05 14:45:46,41.24
2025-07-05 14:45:46,41.24
2025-07-05 14:45:46,41.24
2025-07-05 14:45:46,41.24
2025-07-05 14:45:46,41.24
2025-07-05 14:45:47,41.24
2025-07-05 14:45:47,41.24
2025-07-05 14:45:47,41.22
2025-07-05 14:45:47,41.22
2025-07-05 14:45:47,41.22
2025-07-05 14:45:47,41.24
2025-07-05 14:45:47,41.24
2025-07-05 14:45:47,41.24
2025-07-05 14:45:47,41.24
2025-07-05 14:45:48,41.24
2025-07-05 14:45:48,41.24
2025-07-05 14:45:48,41.24
2025-07-05 14:45:48,41.24
2025-07-05 14:45:48,41.24
2025-07-05 14:45:48,41.24
2025-07-05 14:45:48,41.24
2025-07-05 14:45:48,41.24
2025-07-05 14:45:48,41.24
2025-07-05 14:45:49,41.24
2025-07-05 14:45:49,41.24
2025-07-05 14:45:49,41.24
2025-07-05 14:45:49,41.24
2025-07-05 14:45:49,41.24
2025-07-05 14:45:49,41.24
2025-07-05 14:45:49,41.24
2025-07-05 14:45:49,41.24
2025-07-05 14:45:49,41.24
2025-07-05 14:45:50,41.24
2025-07-05 14:45:50,41.24
2025-07-05 14:45:50,41.24
2025-07-05 14:45:50,41.24
2025-07-05 14:45:50,41.24
2025-07-05 14:45:50,41.24
2025-07-05 14:45:50,41.24
2025-07-05 14:45:50,41.24
2025-07-05 14:45:50,41.24
2025-07-05 14:45:50,41.24
2025-07-05 14:45:51,41.24
2025-07-05 14:45:51,41.24
2025-07-05 14:45:51,41.24
2025-07-05 14:45:51,41.24
2025-07-05 14:45:51,41.24
2025-07-05 14:45:51,41.24
2025-07-05 14:45:51,41.24
2025-07-05 14:45:51,41.24
2025-07-05 14:45:51,41.24
2025-07-05 14:45:52,41.24
2025-07-05 14:45:52,41.24
2025-07-05 14:45:52,41.24
2025-07-05 14:45:52,41.22
2025-07-05 14:45:52,41.22
2025-07-05 14:45:52,41.22
2025-07-05 14:45:52,41.22
2025-07-05 14:45:52,41.22
2025-07-05 14:45:52,41.22
2025-07-05 14:45:53,41.22
2025-07-05 14:45:53,41.22
2025-07-05 14:45:53,41.22
2025-07-05 14:45:53,41.22
2025-07-05 14:45:53,41.22
2025-07-05 14:45:53,41.22
2025-07-05 14:45:53,41.22
2025-07-05 14:45:53,41.22
2025-07-05 14:45:53,41.22
2025-07-05 14:45:54,41.22
2025-07-05 14:45:54,41.22
2025-07-05 14:45:54,41.22
2025-07-05 14:45:54,41.22
2025-07-05 14:45:54,41.22
2025-07-05 14:45:54,41.22
2025-07-05 14:45:54,41.22
2025-07-05 14:45:54,41.22
2025-07-05 14:45:54,41.22
2025-07-05 14:45:55,41.22
2025-07-05 14:45:55,41.22
2025-07-05 14:45:55,41.22
2025-07-05 14:45:55,41.22
2025-07-05 14:45:55,41.22
2025-07-05 14:45:55,41.22
2025-07-05 14:45:55,41.22
2025-07-05 14:45:55,41.22
2025-07-05 14:45:55,41.22
2025-07-05 14:45:56,41.22
2025-07-05 14:45:56,41.22
2025-07-05 14:45:56,41.22
2025-07-05 14:45:56,41.22
2025-07-05 14:45:56,41.22
2025-07-05 14:45:56,41.22
2025-07-05 14:45:56,41.22
2025-07-05 14:45:56,41.22
2025-07-05 14:45:56,41.22
2025-07-05 14:45:57,41.22
2025-07-05 14:45:57,41.22
2025-07-05 14:45:57,41.22
2025-07-05 14:45:57,41.22
2025-07-05 14:45:57,41.22
2025-07-05 14:45:57,41.22
2025-07-05 14:45:57,41.22
2025-07-05 14:45:57,41.22
2025-07-05 14:45:57,41.22
2025-07-05 14:45:58,41.22
2025-07-05 14:45:58,41.22
2025-07-05 14:45:58,41.22
2025-07-05 14:45:58,41.22
2025-07-05 14:45:58,41.22
2025-07-05 14:45:58,41.22
2025-07-05 14:45:58,41.22
2025-07-05 14:45:58,41.22
2025-07-05 14:45:58,41.22
2025-07-05 14:45:59,41.22
2025-07-05 14:45:59,41.22
2025-07-05 14:45:59,41.22
2025-07-05 14:45:59,41.22
2025-07-05 14:45:59,41.22
2025-07-05 14:45:59,41.22
2025-07-05 14:45:59,41.22
2025-07-05 14:45:59,41.22
2025-07-05 14:45:59,41.22
2025-07-05 14:45:59,41.22
2025-07-05 14:46:00,41.22
2025-07-05 14:46:00,41.22
2025-07-05 14:46:00,41.24
2025-07-05 14:46:00,41.24
2025-07-05 14:46:00,41.24
2025-07-05 14:46:00,41.24
2025-07-05 14:46:00,41.24
2025-07-05 14:46:00,41.24
2025-07-05 14:46:00,41.24
2025-07-05 14:46:01,41.24
2025-07-05 14:46:01,41.24
2025-07-05 14:46:01,41.24
2025-07-05 14:46:01,41.24
2025-07-05 14:46:01,41.24
2025-07-05 14:46:01,41.24
2025-07-05 14:46:01,41.24
2025-07-05 14:46:01,41.24
2025-07-05 14:46:01,41.24
2025-07-05 14:46:02,41.24
2025-07-05 14:46:02,41.24
2025-07-05 14:46:02,41.24
2025-07-05 14:46:02,41.24
2025-07-05 14:46:02,41.24
2025-07-05 14:46:02,41.24
2025-07-05 14:46:02,41.24
2025-07-05 14:46:02,41.24
2025-07-05 14:46:02,41.24
2025-07-05 14:46:03,41.24
2025-07-05 14:46:03,41.24
2025-07-05 14:46:03,41.24
2025-07-05 14:46:03,41.24
2025-07-05 14:46:03,41.24
2025-07-05 14:46:03,41.24
2025-07-05 14:46:03,41.24
2025-07-05 14:46:03,41.24
2025-07-05 14:46:03,41.24
2025-07-05 14:46:04,41.24
2025-07-05 14:46:04,41.24
2025-07-05 14:46:04,41.24
2025-07-05 14:46:04,41.24
2025-07-05 14:46:04,41.24
2025-07-05 14:46:04,41.24
2025-07-05 14:46:04,41.24
2025-07-05 14:46:04,41.24
2025-07-05 14:46:04,41.24
2025-07-05 14:46:05,41.24
2025-07-05 14:46:05,41.24
2025-07-05 14:46:05,41.24
2025-07-05 14:46:05,41.24
2025-07-05 14:46:05,41.24
2025-07-05 14:46:05,41.24
2025-07-05 14:46:05,41.24
2025-07-05 14:46:05,41.24
2025-07-05 14:46:05,41.24
2025-07-05 14:46:06,41.24
2025-07-05 14:46:06,41.24
2025-07-05 14:46:06,41.24
2025-07-05 14:46:06,41.24
2025-07-05 14:46:06,41.24
2025-07-05 14:46:06,41.24
2025-07-05 14:46:06,41.24
2025-07-05 14:46:06,41.24
2025-07-05 14:46:06,41.24
2025-07-05 14:46:07,41.24
2025-07-05 14:46:07,41.24
2025-07-05 14:46:07,41.24
2025-07-05 14:46:07,41.24
2025-07-05 14:46:07,41.24
2025-07-05 14:46:07,41.24
2025-07-05 14:46:07,41.24
2025-07-05 14:46:07,41.24
2025-07-05 14:46:07,41.24
2025-07-05 14:46:07,41.24
2025-07-05 14:46:08,41.24
2025-07-05 14:46:08,41.24
2025-07-05 14:46:08,41.24
2025-07-05 14:46:08,41.24
2025-07-05 14:46:08,41.24
2025-07-05 14:46:08,41.24
2025-07-05 14:46:08,41.24
2025-07-05 14:46:08,41.24
2025-07-05 14:46:08,41.24
2025-07-05 14:46:09,41.24
2025-07-05 14:46:09,41.24
2025-07-05 14:46:09,41.24
2025-07-05 14:46:09,41.24
2025-07-05 14:46:09,41.24
2025-07-05 14:46:09,41.24
2025-07-05 14:46:09,41.24
2025-07-05 14:46:09,41.24
2025-07-05 14:46:09,41.24
2025-07-05 14:46:10,41.24
2025-07-05 14:46:10,41.24
2025-07-05 14:46:10,41.24
2025-07-05 14:46:10,41.24
2025-07-05 14:46:10,41.24
2025-07-05 14:46:10,41.24
2025-07-05 14:46:10,41.24
2025-07-05 14:46:10,41.24
2025-07-05 14:46:10,41.24
2025-07-05 14:46:11,41.24
2025-07-05 14:46:11,41.24
2025-07-05 14:46:11,41.24
2025-07-05 14:46:11,41.24
2025-07-05 14:46:11,41.24
2025-07-05 14:46:11,41.24
2025-07-05 14:46:11,41.24
